code_class,name,accesion_number,pre_count_1,post_count_1,pre_count_2,post_count_2,pre_count_3,post_count_3,pre_count_4,post_count_4,pre_count_5,post_count_5
Endogenous,CCNO,NM_021147.4,14,14,324,23,14,24,87,13,20,15
Endogenous,MYC,NM_002467.3,632,427,2138,570,632,105,55,102,147,125
Endogenous,CD79A,NM_001783.3,10,17,31,49,10,9,110,12,53,13
Endogenous,FSTL3,NM_005860.2,45,59,135,751,45,103,31,40,73,103
Endogenous,VCAN,NM_001126336.2,1141,838,5611,15209,1141,3362,1618,2285,1997,4576
Endogenous,CX3CL1,NM_002996.3,59,57,1564,361,59,197,73,129,207,132
Endogenous,ERBB2,NM_004448.2,315,807,3997,3936,315,566,232,121,550,379
Endogenous,FAM124B,NM_001122779.1,21,23,83,97,21,38,46,54,57,56
Endogenous,AKT1,NM_005163.2,1050,1259,4795,5862,1050,779,888,882,1662,1172
Endogenous,KDR,NM_002253.2,79,152,470,388,79,65,107,122,297,144
Endogenous,EGF,NM_001178130.2,78,8,167,59,78,52,32,216,11,56
Endogenous,MAGEA12,NM_001166386.1,125,7,10,20,125,16,12,12,10,15
Endogenous,IFNA1,NM_024013.1,65,27,85,68,65,21,20,31,21,30
Endogenous,TGFB3,NM_001329938.1,75,130,1110,872,75,236,75,142,267,274
Endogenous,MFGE8,NM_001114614.1,528,494,4017,2217,528,1203,467,534,938,821
Endogenous,CXCL2,NM_002089.1,87,18,746,85,87,166,33,34,45,38
Endogenous,CCND2,NM_001759.2,144,226,1756,1347,144,349,512,122,333,622
Endogenous,PDZK1IP1,NM_005764.3,27,17,452,21,27,145,27,31,31,23
Endogenous,JAG2,NM_002226.4,38,30,184,54,38,24,16,25,31,25
Endogenous,C5,NM_001317163.1,21,74,266,247,21,92,45,70,51,71
Endogenous,CD79B,NM_001039933.1,13,11,18,36,13,7,25,11,12,18
Endogenous,CXCR2,NM_001557.3,17,23,50,45,17,51,25,43,20,37
Endogenous,PSMB10,NM_002801.3,79,77,476,580,79,88,263,122,150,155
Endogenous,ZEB1,NM_001128128.2,138,219,751,876,138,315,189,284,334,402
Endogenous,ANLN,NM_018685.2,121,22,187,614,121,33,78,61,80,66
Endogenous,TAF3,NM_031923.3,19,22,57,86,19,13,27,22,36,29
Endogenous,CD276,NM_001024736.1,939,482,1844,3676,939,522,346,334,562,904
Endogenous,ICAM1,NM_000201.2,70,29,247,284,70,68,98,92,80,92
Endogenous,IL16,NM_004513.4,52,67,610,629,52,206,287,149,312,204
Endogenous,CXCL3,NM_002090.2,17,10,66,31,17,24,12,17,16,23
Endogenous,PRR5,NM_015366.3,48,36,410,328,48,53,40,33,99,67
Endogenous,CTSW,NM_001335.3,13,14,72,96,13,20,16,23,28,24
Endogenous,CXCR4,NM_001008540.1,298,147,281,1309,298,391,472,433,299,668
Endogenous,IFNGR2,NM_005534.3,483,326,2115,1703,483,545,700,738,554,594
Endogenous,CDH11,NM_001797.2,725,735,3245,4603,725,1976,1167,1515,1440,2616
Endogenous,COL6A3,NM_004369.3,1878,1155,4334,14695,1878,3523,1809,2069,2091,6004
Endogenous,GZMK,NM_002104.2,17,12,78,194,17,45,149,53,80,73
Endogenous,IRF2,NM_002199.3,165,184,777,526,165,202,287,175,222,235
Endogenous,RPL7A,NM_000972.2,2589,4987,26951,12249,2589,3808,4053,4854,5099,4202
Endogenous,GPR160,NM_014373.1,198,678,1414,1819,198,629,1002,1826,790,546
Endogenous,MICA,NM_000247.1,52,41,626,385,52,167,36,81,82,87
Endogenous,TAPBPL,NM_018009.4,88,132,735,343,88,93,127,114,174,122
Endogenous,CXCL14,NM_004887.4,167,6855,7977,783,167,675,582,414,1686,613
Endogenous,CD14,NM_001174105.1,88,213,627,415,88,88,114,74,111,153
Endogenous,IL18,NM_001243211.1,65,34,81,170,65,127,297,154,96,125
Endogenous,CLEC14A,NM_175060.1,24,95,424,226,24,47,96,118,157,139
Endogenous,HMGB1,NM_002128.5,102,140,464,339,102,127,121,52,177,100
Endogenous,KIF2C,NM_006845.2,64,23,42,77,64,17,19,22,31,28
Endogenous,RNLS,NM_001031709.2,35,69,285,119,35,41,38,55,50,57
Endogenous,RPTOR,NM_001163034.1,126,99,564,385,126,109,63,55,143,112
Endogenous,CD68,NM_001251.2,109,66,471,1063,109,152,235,180,232,243
Endogenous,CCL13,NM_005408.2,9,16,31,21,9,7,8,12,11,16
Endogenous,CYBB,NM_000397.3,169,243,1446,1225,169,474,871,362,396,421
Endogenous,PLA2G2A,NM_000300.2,16,31,73,57,16,11,30,138,12,66
Endogenous,FGF13,NM_001139498.1,22,46,149,134,22,40,20,181,88,48
Endogenous,CNTFR,NM_147164.2,15,22,83,15,15,16,23,11,9,17
Endogenous,CD244,NM_001166663.1,17,11,32,17,17,20,23,15,18,21
Endogenous,CSF2RB,NM_000395.2,17,24,96,114,17,14,20,16,22,19
Endogenous,MAP3K7,NM_003188.3,278,389,1499,974,278,435,441,284,400,476
Endogenous,FASLG,NM_000639.2,16,14,36,49,16,22,59,17,34,30
Endogenous,CD209,NM_021155.2,13,32,116,65,13,21,43,28,25,34
Endogenous,IRF7,NM_004029.2,465,177,802,1827,465,195,175,199,283,375
Endogenous,PTCD2,NM_001284403.1,117,174,175,193,117,78,82,78,93,112
Endogenous,PIK3R2,NM_005027.3,382,256,1731,1722,382,188,84,166,169,182
Endogenous,LILRA5,NM_181879.2,23,17,67,108,23,23,34,45,26,32
Endogenous,IL32,NM_004221.4,297,165,693,1869,297,237,1220,276,357,547
Endogenous,CCND3,NM_001136017.2,45,83,696,370,45,68,43,94,75,55
Endogenous,BIRC5,NM_001168.2,198,24,214,662,198,41,67,64,159,72
Endogenous,LGALS9,NM_002308.3,42,41,233,537,42,45,44,38,43,52
Endogenous,RASAL1,NM_001193520.1,39,28,36,43,39,28,32,42,22,25
Endogenous,PDCD1LG2,NM_025239.3,39,33,74,122,39,44,112,61,65,70
Endogenous,IL11,NM_000641.3,51,18,119,266,51,50,29,33,44,62
Endogenous,PRKX,NM_005044.4,19,13,16,28,19,13,15,20,18,9
Endogenous,SNCA,NM_001146055.1,16,19,227,92,16,57,31,80,36,41
Endogenous,ADGRE1,NM_001256252.1,16,9,49,38,16,28,19,17,18,25
Endogenous,PSMB9,NM_002800.4,115,73,268,308,115,56,246,93,91,77
Endogenous,RUNX3,NM_001031680.2,26,38,385,180,26,43,64,39,37,46
Endogenous,PGPEP1,NM_001300927.1,33,60,384,280,33,43,37,49,38,38
Endogenous,MELK,NM_014791.2,160,53,101,326,160,45,80,47,113,78
Endogenous,ISG15,NM_005101.3,1631,150,578,2098,1631,90,102,228,533,447
Endogenous,EIF2B4,NM_001034116.1,117,104,664,498,117,107,68,97,108,96
Endogenous,IRF9,NM_006084.4,548,421,1535,1133,548,259,332,268,671,344
Endogenous,IL1A,NM_000575.3,32,22,125,95,32,29,28,31,20,38
Endogenous,FCRL2,NM_001159488.1,13,20,23,35,13,26,90,12,24,12
Endogenous,EIF4EBP1,NM_004095.3,1412,128,1231,908,1412,251,285,109,341,257
Endogenous,LTBP1,NM_000627.3,160,99,450,527,160,215,106,173,184,157
Endogenous,CD40LG,NM_000074.2,9,13,27,56,9,14,25,22,25,20
Endogenous,HEY1,NM_001040708.1,166,367,1068,338,166,95,268,234,233,326
Endogenous,HLA-DQA1,NM_002122.3,295,15,1238,1428,295,909,3675,599,13,637
Endogenous,PRLR,NM_000949.5,601,1434,967,1147,601,501,377,135,684,643
Endogenous,TNFRSF11A,NM_001270949.1,40,20,146,113,40,56,42,219,42,37
Endogenous,AREG,NM_001657.3,57,46,2011,83,57,16,11,20,334,15
Endogenous,BBC3,NM_014417.4,180,210,630,1101,180,164,122,197,228,173
Endogenous,EDN1,NM_001955.2,36,23,386,123,36,53,27,43,50,64
Endogenous,PARP12,NM_022750.3,264,130,681,574,264,151,234,202,299,238
Endogenous,PIK3CG,NM_001282426.1,38,53,200,271,38,101,170,64,73,108
Endogenous,IL4,NM_172348.1,13,11,8,15,13,20,20,15,15,15
Endogenous,F2RL1,NM_005242.4,48,19,249,108,48,76,41,36,83,68
Endogenous,CXCL6,NM_002993.3,20,17,177,23,20,25,11,17,13,14
Endogenous,TNFSF18,NM_005092.3,17,14,49,45,17,17,17,16,17,28
Endogenous,JAK3,NM_000215.2,44,23,170,121,44,33,75,42,59,38
Endogenous,NKG7,NM_005601.3,33,58,327,239,33,53,349,108,95,87
Endogenous,TAPBP,NM_003190.4,533,546,2299,3846,533,458,372,589,696,430
Endogenous,MTOR,NM_004958.3,200,183,1081,585,200,154,110,141,204,188
Endogenous,SELP,NM_003005.3,13,22,97,21,13,24,32,16,39,26
Endogenous,HLA-E,NM_005516.5,670,644,4796,3354,670,628,1618,996,1116,1037
Endogenous,GOT1,NM_002079.2,265,228,877,657,265,182,165,292,360,225
Endogenous,SMAP1,NM_001044305.2,157,219,761,529,157,220,242,191,332,242
Endogenous,CDKN1A,NM_000389.2,430,216,900,1884,430,247,261,170,271,239
Endogenous,CD45RA,NM_002838.4,8,20,52,50,8,13,34,15,49,20
Endogenous,HNF1A,NM_000545.6,12,21,21,38,12,19,13,14,18,17
Endogenous,TICAM1,NM_182919.3,36,31,109,176,36,36,29,29,26,47
Endogenous,C1QA,NM_015991.3,100,79,859,894,100,165,438,262,166,253
Endogenous,CD86,NM_001206924.1,25,19,60,132,25,42,63,40,31,70
Endogenous,ITGA4,NM_000885.5,108,76,398,605,108,103,238,51,149,113
Endogenous,ROR2,NM_001318204.1,129,62,714,812,129,190,96,110,82,306
Endogenous,WNT7B,NM_058238.2,97,12,37,118,97,85,30,28,31,45
Endogenous,FLT1,NM_002019.4,381,429,771,628,381,160,375,333,869,375
Endogenous,CTAG1B,NM_001327.2,58,13,14,5,58,9,13,8,13,6
Endogenous,CLEC7A,NM_197954.2,83,96,151,252,83,307,136,153,109,241
Endogenous,TNFRSF4,NM_003327.3,18,22,36,50,18,33,22,20,21,33
Endogenous,MS4A6A,NM_152852.2,27,44,117,136,27,63,137,115,92,107
Endogenous,ANGPT2,NM_001147.2,113,79,162,389,113,77,38,79,141,187
Endogenous,APH1B,NM_001145646.1,169,234,521,398,169,130,148,162,174,284
Endogenous,RORC,NM_001001523.1,56,67,366,228,56,180,127,151,58,108
Endogenous,NECTIN2,NM_001042724.1,286,578,3528,3515,286,331,328,692,1137,492
Endogenous,DPP4,NM_001935.3,31,23,105,119,31,48,49,39,38,106
Endogenous,CCL2,NM_002982.3,789,150,1097,1712,789,243,265,183,238,375
Endogenous,NF1,NM_000267.3,168,178,734,571,168,165,92,71,162,161
Endogenous,S100A9,NM_002965.3,1519,32,396,81,1519,246,316,246,167,46
Endogenous,NFKBIA,NM_020529.2,1304,903,5314,5481,1304,1103,1624,1571,1623,1896
Endogenous,BNIP3L,NM_001330491.1,267,102,1250,1297,267,254,300,295,290,481
Endogenous,CST2,NM_001322.2,24,44,14,273,24,37,28,35,118,73
Endogenous,APOL6,NM_030641.3,178,140,708,730,178,154,267,166,201,250
Endogenous,BRD4,NM_001330384.1,320,191,2527,2266,320,327,186,201,232,320
Endogenous,SLC16A1,NM_003051.3,264,72,278,199,264,87,94,49,109,159
Endogenous,THBD,NM_000361.2,35,56,236,153,35,17,24,35,60,30
Endogenous,TIGIT,NM_173799.2,15,14,21,88,15,15,83,18,42,24
Endogenous,VSIR,NM_022153.1,17,26,437,143,17,52,63,44,59,48
Endogenous,TRIM21,NM_003141.3,118,62,349,449,118,86,135,97,123,188
Endogenous,NBN,NM_002485.4,371,151,1134,1061,371,231,310,240,242,320
Endogenous,WNT4,NM_030761.4,15,33,228,108,15,49,9,8,16,17
Endogenous,CXCL8,NM_000584.3,54,12,33,64,54,14,13,19,20,27
Endogenous,FGF9,NM_002010.2,11,14,19,20,11,14,7,10,7,9
Endogenous,C5AR1,NM_001736.3,17,17,41,114,17,18,16,21,11,18
Endogenous,TNFRSF1B,NM_001066.2,25,40,491,425,25,87,134,87,103,105
Endogenous,HLA-DRB5,NM_002125.3,17,1866,2862,7,17,1853,5,1507,13,6
Endogenous,GLUL,NM_002065.6,1920,6088,10375,4901,1920,1922,3855,1029,1633,1587
Endogenous,LY9,NM_001033667.2,7,16,59,60,7,14,67,26,39,26
Endogenous,TAP1,NM_000593.5,295,124,405,606,295,81,373,210,151,173
Endogenous,IFIH1,NM_022168.3,778,225,902,1614,778,220,370,386,306,377
Endogenous,DEPTOR,NM_001283012.1,138,160,1113,307,138,322,275,1479,317,245
Endogenous,CSF1R,NM_005211.3,186,275,1133,806,186,672,916,569,430,624
Endogenous,MARCO,NM_006770.3,21,17,27,24,21,22,11,31,26,23
Endogenous,NFIL3,NM_001289999.1,133,83,578,596,133,232,150,127,156,177
Endogenous,IKBKG,NM_001099856.4,46,65,441,448,46,53,61,31,41,60
Endogenous,CD58,NM_001144822.1,36,39,163,90,36,52,40,41,61,63
Endogenous,LOXL2,NM_002318.2,64,41,358,336,64,85,59,51,54,127
Endogenous,SPRY4,NM_030964.3,42,81,855,384,42,50,46,36,90,92
Endogenous,NFAM1,NM_145912.5,9,13,53,81,9,29,26,23,18,19
Endogenous,SYK,NM_003177.5,61,53,247,354,61,113,119,64,79,94
Endogenous,COMP,NM_000095.2,314,247,46,612,314,439,184,458,205,208
Endogenous,IFI6,NM_002038.3,24292,1707,11399,14987,24292,624,537,1077,3674,2681
Endogenous,RASGRF1,NM_001145648.1,329,15,30,52,329,36,23,14,23,29
Endogenous,HDAC5,NM_001015053.1,101,216,721,616,101,78,64,103,83,110
Endogenous,BAMBI,NM_012342.2,43,220,462,1873,43,320,383,241,851,897
Endogenous,MAGEC1,NM_005462.4,12,18,14,17,12,8,15,26,14,10
Endogenous,FYN,NM_002037.5,89,150,724,776,89,112,168,120,186,181
Endogenous,TNFSF4,NM_001297562.1,40,26,46,158,40,28,35,27,46,79
Endogenous,CD274,NM_014143.3,31,15,103,95,31,18,38,19,22,21
Endogenous,PRKACB,NM_182948.2,47,81,1675,214,47,68,99,836,93,169
Endogenous,IFIT2,NM_001547.4,164,31,292,676,164,35,97,69,44,85
Endogenous,PPARG,NM_005037.5,31,85,210,179,31,41,80,78,71,95
Endogenous,PTEN,NM_000314.6,178,244,1111,802,178,232,185,248,260,345
Endogenous,FOXP3,NM_014009.3,20,25,48,121,20,24,34,26,29,22
Endogenous,SREBF1,NM_001005291.1,870,10672,5387,7254,870,773,1784,897,1612,803
Endogenous,CD36,NM_001001548.2,99,494,1744,1202,99,34,263,248,227,937
Endogenous,AXIN1,NM_181050.1,83,74,420,294,83,65,48,55,44,51
Endogenous,KLRK1,NM_007360.3,19,19,84,76,19,27,97,27,39,47
Endogenous,GBP1,NM_002053.2,108,22,273,385,108,67,302,90,91,140
Endogenous,CXCL11,NM_005409.4,175,16,19,475,175,27,428,102,76,124
Endogenous,CXCL10,NM_001565.3,770,51,273,1681,770,190,1341,415,245,621
Endogenous,RIPK1,NM_003804.3,157,346,1310,1246,157,296,293,244,357,345
Endogenous,REN,NM_000537.3,6,13,43,14,6,9,5,3,8,6
Endogenous,PRF1,NM_001083116.1,17,17,71,77,17,12,26,15,19,25
Endogenous,EIF2AK2,NM_001135652.2,997,545,1445,1817,997,416,433,317,637,733
Endogenous,LIF,NM_002309.4,43,21,123,242,43,34,37,17,39,50
Endogenous,BRD3,NM_007371.3,225,295,2058,1996,225,380,297,287,493,531
Endogenous,IGF2R,NM_000876.2,133,315,880,603,133,184,195,182,274,225
Endogenous,FPR1,NM_002029.3,26,34,145,262,26,52,59,77,34,120
Endogenous,DUSP5,NM_004419.3,1036,402,1862,1247,1036,89,398,231,623,134
Endogenous,APC,NM_001127510.2,394,595,1254,1533,394,358,287,299,396,698
Endogenous,HDAC3,NM_003883.3,224,400,997,658,224,152,146,153,179,223
Endogenous,CES3,NM_001185176.1,55,13,31,115,55,12,13,18,14,25
Endogenous,OAS2,NM_016817.2,1380,173,1455,3175,1380,196,465,263,264,815
Endogenous,HDAC11,NM_001330636.1,51,86,625,327,51,88,67,26,80,76
Endogenous,THBS1,NM_003246.2,1778,1329,5385,15560,1778,3021,1032,1817,3261,6280
Endogenous,SLC11A1,NM_000578.3,41,21,39,161,41,41,15,46,28,46
Endogenous,MAGEA3/A6,NM_005362.3,470,10,13,26,470,16,7,12,17,8
Endogenous,ARID1A,NM_006015.4,316,291,1886,1515,316,375,261,240,379,365
Endogenous,CD48,NM_001778.3,26,11,62,171,26,23,66,32,42,47
Endogenous,GZMA,NM_006144.3,13,19,49,82,13,25,106,29,43,43
Endogenous,ICOSLG,NM_015259.4,130,92,259,393,130,134,114,59,67,137
Endogenous,PIK3R5,NM_014308.3,37,39,185,364,37,62,99,91,68,89
Endogenous,GZMM,NM_005317.2,13,14,30,60,13,9,19,16,12,13
Endogenous,WNT5A,NM_003392.3,109,25,540,373,109,297,31,51,43,84
Endogenous,TLR4,NR_024168.1,79,103,699,726,79,233,321,263,219,297
Endogenous,GZMB,NM_004131.4,8,5,16,19,8,6,10,7,6,11
Endogenous,PARP9,NM_001146103.1,445,176,702,757,445,112,336,327,452,343
Endogenous,LY96,NM_001195797.1,154,147,403,652,154,242,567,271,309,437
Endogenous,RAD50,NM_005732.3,612,1386,1609,1340,612,477,592,283,546,829
Endogenous,MX1,NM_001144925.2,451,127,480,1210,451,66,57,75,206,234
Endogenous,CENPF,NM_016343.3,126,11,142,1067,126,59,52,37,90,127
Endogenous,SELL,NM_000655.4,9,24,85,135,9,23,34,23,32,20
Endogenous,TNFSF10,NM_003810.3,378,277,5182,1560,378,802,3620,809,475,961
Endogenous,IL12RB2,NM_001319233.1,23,10,22,55,23,11,64,26,24,20
Endogenous,CXCL9,NM_002416.2,22,26,107,396,22,46,1304,93,135,82
Endogenous,TRAT1,NM_016388.3,5,13,38,52,5,11,43,24,32,21
Endogenous,STC1,NM_003155.2,61,129,306,631,61,38,32,24,46,241
Endogenous,IL2RB,NM_000878.2,18,19,179,281,18,29,130,29,55,32
Endogenous,LILRB4,NM_001278426.3,44,69,150,378,44,117,157,94,79,107
Endogenous,SOX2,NM_003106.2,9,12,39,30,9,15,5,17,22,18
Endogenous,HCK,NM_001172129.1,55,59,363,538,55,132,120,109,92,151
Endogenous,WNT2B,NM_001291880.1,20,43,128,527,20,49,24,27,29,45
Endogenous,IL1B,NM_000576.2,19,15,132,77,19,25,18,11,18,25
Endogenous,TLR1,NM_003263.3,60,53,212,196,60,168,138,156,98,155
Endogenous,CCL22,NM_002990.3,15,11,45,161,15,10,23,11,18,17
Endogenous,ICAM2,NM_000873.3,19,36,235,125,19,23,83,52,60,45
Endogenous,MAP3K12,NM_006301.3,59,76,205,171,59,53,11,22,51,29
Endogenous,JAG1,NM_000214.2,119,178,1067,1169,119,346,222,255,662,622
Endogenous,CCL3/L1,NM_021006.5,122,19,79,511,122,48,62,72,70,118
Endogenous,SOCS1,NM_003745.1,39,12,106,125,39,23,100,27,33,53
Endogenous,BCL2,NM_000633.2,198,472,1202,1009,198,239,193,250,210,379
Endogenous,MAP3K8,NM_001244134.1,213,69,1028,533,213,196,204,179,184,162
Endogenous,MMP1,NM_002421.2,47,24,73,196,47,12,61,22,40,17
Endogenous,CMKLR1,NM_004072.2,40,118,230,322,40,95,172,117,121,123
Endogenous,TNFRSF17,NM_001192.2,10,18,21,20,10,8,262,9,51,29
Endogenous,TLR8,NM_138636.4,21,26,137,87,21,28,107,53,47,44
Endogenous,TPM1,NM_000366.5,580,406,4875,2120,580,571,279,379,427,756
Endogenous,CXorf36,NM_024689.2,48,141,489,223,48,74,99,96,191,167
Endogenous,NLRP3,NM_001079821.2,16,17,74,64,16,35,21,13,32,23
Endogenous,DEFB134,NM_001302695.1,16,23,10,37,16,19,15,18,20,20
Endogenous,HLA-DQA2,NM_020056.4,25,25,22,920,25,1070,92,3,797,1181
Endogenous,CX3CR1,NM_001171171.1,11,82,596,124,11,254,34,30,64,42
Endogenous,APLNR,NM_005161.4,7,41,161,233,7,22,25,15,45,26
Endogenous,MXI1,NM_001008541.1,88,73,797,179,88,60,52,102,115,63
Endogenous,FZD9,NM_003508.2,16,15,18,19,16,18,13,7,16,9
Endogenous,COL4A5,NM_000495.4,101,354,1226,1453,101,149,43,72,73,347
Endogenous,FCAR,NM_133278.2,13,11,26,30,13,10,12,12,21,10
Endogenous,BRCA2,NM_000059.3,85,78,185,430,85,48,103,52,109,100
Endogenous,SFRP4,NM_003014.2,163,447,810,2838,163,757,539,337,1984,896
Endogenous,TLR3,NM_003265.2,89,43,321,253,89,131,165,107,68,130
Endogenous,IL2RG,NM_000206.1,21,22,153,235,21,54,362,36,134,92
Endogenous,CD84,NM_001184879.1,60,87,322,708,60,143,317,202,171,257
Endogenous,HLA-DPA1,NM_033554.2,330,591,2305,2564,330,2880,2838,1142,1211,1833
Endogenous,RBL2,NM_001323611.1,427,1334,2735,2489,427,525,550,985,1228,886
Endogenous,CCL18,NM_002988.3,135,170,137,103,135,165,155,142,152,146
Endogenous,IRF3,NM_001197122.1,126,104,1171,680,126,142,103,143,149,144
Endogenous,TNFRSF8,NM_001243.3,4,9,15,14,4,12,8,7,7,13
Endogenous,KIR3DL2,NM_006737.2,5,7,13,18,5,11,8,12,7,5
Endogenous,TNFSF13,NM_003808.3,55,52,616,515,55,112,62,55,55,63
Endogenous,CLECL1,NM_172004.3,18,27,77,81,18,46,72,42,58,44
Endogenous,TNFRSF10B,NM_003842.3,59,30,390,220,59,61,95,88,74,68
Endogenous,MAGEC2,NM_016249.3,16,14,26,31,16,16,12,8,20,7
Endogenous,CDKN2A,NM_000077.4,91,131,166,243,91,146,101,108,107,153
Endogenous,ADM,NM_001124.2,178,75,86,90,178,67,62,80,58,79
Endogenous,PNOC,NM_001284244.1,35,37,16,33,35,45,44,36,49,40
Endogenous,CD247,NM_198053.2,39,40,26,39,39,27,48,46,42,35
Endogenous,PTPRC,NM_080921.3,61,48,126,196,61,96,213,121,124,120
Endogenous,OAS3,NM_006187.3,756,156,1142,2239,756,163,133,175,205,347
Endogenous,LAG3,NM_002286.5,86,58,87,226,86,84,136,66,73,115
Endogenous,FOSL1,NM_005438.3,118,108,188,166,118,94,80,86,110,119
Endogenous,EOMES,NM_001278182.1,38,32,39,50,38,28,118,40,60,55
Endogenous,IL10RA,NM_001558.2,76,64,283,311,76,128,284,135,167,127
Endogenous,WDR76,NM_024908.3,70,89,126,262,70,50,56,47,57,76
Endogenous,GPC4,NM_001448.2,51,41,249,176,51,194,71,81,90,88
Endogenous,SLAMF7,NM_021181.3,35,56,55,96,35,42,154,60,70,53
Endogenous,RSAD2,NM_080657.4,1136,147,430,2283,1136,242,285,252,230,872
Endogenous,TLR5,NM_003268.5,88,74,289,576,88,204,145,124,127,171
Endogenous,VEGFA,NM_001171623.1,1871,269,693,724,1871,123,127,140,216,127
Endogenous,COL5A1,NM_000093.4,710,331,840,5543,710,1087,465,727,635,2215
Endogenous,CD3D,NM_000732.4,41,59,87,144,41,66,239,88,115,84
Endogenous,FBP1,NM_001127628.1,226,779,1223,1773,226,307,446,219,1178,684
Endogenous,ERO1A,NM_014584.2,1094,736,978,690,1094,319,531,817,548,484
Endogenous,CCL21,NM_002989.2,18,33,586,179,18,29,29,21,138,86
Endogenous,E2F3,NM_001243076.2,174,130,524,481,174,136,147,143,239,136
Endogenous,LDHA,NM_001135239.1,7634,526,3795,3477,7634,1137,1313,1528,1245,1529
Endogenous,MS4A1,NM_021950.3,32,67,42,80,32,42,37,34,82,32
Endogenous,CD69,NM_001781.2,45,47,60,157,45,53,77,68,60,62
Endogenous,SERPINB5,NM_002639.4,46,33,1563,49,46,85,19,43,77,38
Endogenous,FAP,NM_004460.2,331,136,166,1693,331,698,482,352,429,1482
Endogenous,ITGA2,NM_002203.3,160,21,498,273,160,182,64,162,108,134
Endogenous,SIGLEC5,NM_003830.3,16,22,29,53,16,13,28,18,20,21
Endogenous,SIRPB2,NM_001134836.1,21,21,34,98,21,37,28,50,34,50
Endogenous,EPM2AIP1,NM_014805.3,333,166,1262,892,333,206,278,191,385,469
Endogenous,FGF18,NM_003862.2,12,19,23,59,12,26,22,27,51,21
Endogenous,HRAS,NM_005343.3,134,201,886,850,134,118,54,119,178,114
Endogenous,CCND1,NM_053056.2,823,2876,4277,17657,823,1212,332,377,914,2329
Endogenous,LAMB3,NM_000228.2,63,43,2955,457,63,194,26,25,177,102
Endogenous,ID4,NM_001546.3,24,52,602,112,24,70,31,55,140,93
Endogenous,CCL4,NM_002984.2,53,48,122,301,53,34,85,74,48,73
Endogenous,GZMH,NM_033423.3,15,14,8,19,15,17,40,11,21,17
Endogenous,API5,NM_001142930.1,525,456,2172,2643,525,389,511,453,687,1039
Endogenous,PTGER4,NM_000958.2,32,42,497,275,32,52,52,39,71,83
Endogenous,ITGB8,NM_002214.2,39,247,1218,141,39,486,99,107,214,96
Endogenous,TNKS,NM_003747.2,120,166,720,590,120,168,198,247,158,235
Endogenous,B2M,NM_004048.2,8147,3820,24913,25552,8147,3683,11795,5834,5651,8227
Endogenous,TP53,NM_000546.2,118,102,892,822,118,162,200,164,224,259
Endogenous,MAGEB2,NM_002364.4,16,10,49,56,16,18,23,15,20,17
Endogenous,LYZ,NM_000239.2,298,420,1561,1594,298,547,4676,900,1866,771
Endogenous,NCAM1,NM_000615.6,9,83,33,31,9,18,9,14,39,15
Endogenous,TCL1A,NM_001098725.1,6,4,8,27,6,5,5,4,14,7
Endogenous,HDC,NM_002112.3,7,23,163,243,7,34,58,15,24,50
Endogenous,CD27,NM_001242.4,15,30,59,137,15,19,320,19,77,29
Endogenous,SBNO2,NM_001100122.1,181,146,568,576,181,151,121,71,154,133
Endogenous,PECAM1,NM_000442.4,251,571,2083,1589,251,325,1273,799,877,720
Endogenous,SERPINH1,NM_001207014.1,131,58,462,3394,131,358,121,121,172,664
Endogenous,SPP1,NM_000582.2,3435,448,1623,6098,3435,1567,85,731,1148,1236
Endogenous,EGFR,NM_005228.3,57,50,1069,168,57,94,37,58,112,86
Endogenous,CASP8,NM_001228.4,35,24,132,144,35,36,60,83,35,62
Endogenous,CCNA1,NM_001111045.1,15,11,69,28,15,13,13,14,17,15
Endogenous,TNFAIP3,NM_001270508.1,36,18,183,162,36,55,88,51,61,54
Endogenous,CDC25C,NM_001790.4,33,17,17,59,33,7,23,7,22,11
Endogenous,CXCR6,NM_006564.1,16,20,59,87,16,31,175,28,42,33
Endogenous,DLL1,NM_005618.3,13,29,553,175,13,56,20,17,60,38
Endogenous,OAS1,NM_001032409.1,1120,150,968,1685,1120,128,248,299,238,428
Endogenous,HLA-DQB1,NM_002123.3,59,7,173,309,59,221,403,119,11,128
Endogenous,ROBO4,NM_019055.5,26,52,331,214,26,34,29,51,46,53
Endogenous,NFKB1,NM_003998.3,242,126,1290,706,242,328,349,522,353,314
Endogenous,IFI27,NM_005532.3,11191,2564,3336,14237,11191,659,690,1234,2349,2884
Endogenous,HLA-DMB,NM_002118.3,104,176,709,910,104,462,884,455,458,566
Endogenous,CDKN1C,NM_000076.2,43,224,1256,710,43,124,115,125,203,192
Endogenous,CEP55,NM_018131.3,70,9,61,162,70,22,26,23,29,24
Endogenous,ARG1,NM_000045.3,13,16,44,33,13,20,16,27,17,23
Endogenous,PLOD2,NM_182943.2,642,217,309,658,642,239,137,174,252,404
Endogenous,LAIR1,NM_001289023.2,36,43,174,303,36,62,107,73,51,89
Endogenous,SHC2,NM_012435.2,40,159,395,862,40,174,44,30,231,183
Endogenous,STAT3,NM_003150.3,997,849,4106,2986,997,1196,1013,909,1018,1339
Endogenous,CD45RO,NM_080921.3,122,77,411,580,122,284,758,240,274,292
Endogenous,CD2,NM_001767.3,105,68,305,424,105,94,167,73,112,165
Endogenous,IL7R,NM_002185.3,31,16,190,487,31,42,149,92,133,68
Endogenous,FLNB,NM_001164319.1,673,1468,5618,3097,673,752,714,553,976,370
Endogenous,PSMB5,NM_001130725.1,528,445,2136,2282,528,303,374,475,531,526
Endogenous,SLC1A5,NM_001145144.1,195,749,3679,1118,195,547,561,1424,576,388
Endogenous,RICTOR,NM_001285439.1,250,1094,988,712,250,394,268,472,404,399
Endogenous,ZAP70,NM_001079.3,34,25,140,195,34,40,106,29,62,47
Endogenous,TNFAIP6,NM_007115.3,151,57,127,605,151,250,54,131,135,381
Endogenous,BTLA,NM_001085357.1,8,14,23,23,8,10,30,16,20,11
Endogenous,RELA,NM_021975.3,156,123,1175,788,156,140,104,173,173,135
Endogenous,MMP7,NM_002423.3,184,13,1590,644,184,217,48,69,1678,450
Endogenous,TCF3,NM_003200.3,201,105,1170,1367,201,240,188,104,184,262
Endogenous,IRF8,NM_002163.2,40,34,167,325,40,121,185,77,117,149
Endogenous,NOS2,NM_000625.4,6,10,19,28,6,7,9,10,10,12
Endogenous,A2M,NM_000014.4,694,1423,16503,4973,694,1842,3129,2001,4351,2747
Endogenous,CCL20,NM_001130046.1,20,8,19,37,20,22,35,15,24,19
Endogenous,MKI67,NM_002417.2,308,30,257,978,308,59,103,80,168,121
Endogenous,IFNGR1,NM_000416.2,202,440,2178,1082,202,760,505,545,554,538
Endogenous,INHBA,NM_002192.2,161,80,90,1514,161,210,168,174,109,464
Endogenous,WNT5B,NM_030775.2,35,17,256,113,35,42,19,15,19,24
Endogenous,CXCL5,NM_002994.4,21,19,32,16,21,17,14,16,16,8
Endogenous,SOX10,NM_006941.3,8,9,2183,41,8,46,16,14,54,36
Endogenous,EGR1,NM_001964.2,127,162,4093,604,127,173,111,127,253,236
Endogenous,STAT4,NM_001243835.1,23,34,179,121,23,71,88,43,96,71
Endogenous,IFIT3,NM_001031683.3,490,67,353,1164,490,75,112,111,87,327
Endogenous,GMIP,NM_001288998.1,12,18,78,101,12,17,18,18,15,22
Endogenous,ARNT2,NM_014862.3,153,157,287,575,153,89,32,36,208,153
Endogenous,UBE2C,NM_007019.2,188,13,91,834,188,23,67,34,102,94
Endogenous,CHUK,NM_001278.4,222,211,906,881,222,138,145,166,269,207
Endogenous,GHR,NM_000163.2,64,140,382,1005,64,50,76,102,632,482
Endogenous,TPI1,NM_000365.5,2927,1072,4991,5671,2927,697,728,699,1090,960
Endogenous,HAVCR2,NM_032782.3,81,52,215,585,81,149,249,185,141,248
Endogenous,GOT2,NM_002080.3,505,733,1431,1758,505,271,511,379,801,640
Endogenous,PIK3CA,NM_006218.2,103,176,528,404,103,185,189,318,218,248
Endogenous,TNFSF9,NM_003811.3,7,16,14,24,7,17,15,16,19,14
Endogenous,IDO1,NM_002164.5,24,17,48,151,24,16,117,28,34,44
Endogenous,APOE,NM_000041.2,553,284,2402,7712,553,407,1377,1068,1034,2491
Endogenous,LILRB2,NM_001278405.1,27,29,139,124,27,54,68,49,61,55
Endogenous,PARP4,NM_006437.3,283,183,904,1055,283,297,394,342,402,493
Endogenous,PFKM,NM_000289.5,133,172,496,357,133,109,72,141,107,154
Endogenous,THY1,NM_006288.3,305,265,977,3022,305,516,319,367,502,1285
Endogenous,SAMD9,NM_017654.3,497,88,526,1142,497,223,557,319,248,375
Endogenous,TGFB1,NM_000660.4,420,421,1701,2771,420,578,557,481,600,953
Endogenous,CD8A,NM_001768.6,24,35,130,184,24,31,90,34,56,61
Endogenous,SELE,NM_000450.2,23,18,146,107,23,29,69,40,80,77
Endogenous,CDKN2B,NM_004936.3,77,101,120,448,77,192,77,134,131,233
Endogenous,CD5,NM_001346456.1,18,24,58,87,18,21,43,15,39,21
Endogenous,HLA-A,NM_002116.7,1921,529,15117,13803,1921,1390,2879,1351,4509,4491
Endogenous,FZD8,NM_031866.1,21,462,570,131,21,41,59,25,44,45
Endogenous,BCL2L1,NM_001191.3,231,333,1024,1289,231,265,392,390,746,462
Endogenous,TNFRSF9,NM_001561.5,22,9,38,50,22,24,86,11,16,47
Endogenous,XCL1/2,NM_002995.2,37,13,57,72,37,16,35,22,16,31
Endogenous,MAGEA4,NM_001011548.1,10,12,9,14,10,11,13,10,9,11
Endogenous,PMS2,NM_000535.6,249,281,592,453,249,181,230,189,222,255
Endogenous,KLRD1,NM_002262.3,18,15,99,88,18,43,69,49,42,27
Endogenous,NFATC2,NM_173091.2,73,81,314,473,73,99,200,62,129,176
Endogenous,VEGFB,NM_003377.3,154,98,1191,736,154,135,186,277,194,215
Endogenous,CDC20,NM_001255.1,52,16,85,132,52,18,21,23,33,29
Endogenous,OTOA,NM_001161683.1,11,16,11,22,11,20,9,10,11,17
Endogenous,TPSAB1/B2,NM_003294.3,84,148,829,5853,84,437,1530,273,734,1180
Endogenous,P4HA1,NM_000917.3,415,73,207,336,415,131,156,107,112,215
Endogenous,P2RY13,NM_023914.2,9,33,290,132,9,96,70,37,56,52
Endogenous,EXO1,NM_006027.3,37,20,107,321,37,25,40,42,54,36
Endogenous,CD70,NM_001252.3,6,20,16,95,6,23,34,8,17,45
Endogenous,DDB2,NM_000107.2,166,137,637,705,166,153,145,145,143,187
Endogenous,NDUFA4L2,NM_020142.3,26,45,131,137,26,26,31,25,57,30
Endogenous,IFITM1,NM_003641.3,3082,426,5458,12843,3082,929,1253,911,1325,1606
Endogenous,IFNAR1,NM_000629.2,220,378,762,746,220,255,406,511,375,329
Endogenous,TREM1,NM_001242589.2,44,13,33,46,44,23,15,23,12,28
Endogenous,CXCL13,NM_006419.2,66,54,6373,330,66,20,463,39,201,25
Endogenous,TWIST2,NM_001271893.3,6,9,14,15,6,8,10,6,6,10
Endogenous,HLA-DRB1,NM_002124.3,572,309,3846,5813,572,1867,1853,1187,765,1407
Endogenous,FGFR1,NM_001174064.1,286,248,1890,995,286,92,71,62,160,135
Endogenous,TBXAS1,NM_001061.4,40,121,463,428,40,212,269,196,193,210
Endogenous,NCR1,NM_001145457.2,5,9,26,31,5,12,21,17,16,21
Endogenous,SOX11,NM_003108.3,25,17,16,118,25,39,17,16,33,61
Endogenous,TLR2,NM_001318787.1,129,82,480,433,129,253,199,236,171,224
Endogenous,TWF1,NM_002822.4,541,753,2583,2351,541,620,756,524,786,735
Endogenous,CCL5,NM_002985.2,64,47,301,421,64,65,444,91,147,124
Endogenous,ITGAL,NM_002209.2,22,89,248,320,22,76,246,48,75,72
Endogenous,MYCT1,NM_025107.2,23,36,115,65,23,21,29,41,58,44
Endogenous,CD96,NM_005816.4,13,17,53,113,13,33,159,36,68,47
Endogenous,PROM1,NM_001145847.1,20,12,273,24,20,171,124,18,119,50
Endogenous,OASL,NM_003733.2,158,15,86,481,158,25,47,33,33,53
Endogenous,IFNG,NM_000619.2,11,14,17,20,11,19,49,12,13,14
Endogenous,BATF3,NM_018664.2,23,18,137,112,23,39,25,30,30,39
Endogenous,EZH2,NM_004456.4,107,27,170,388,107,52,92,45,64,79
Endogenous,IRF5,NM_002200.3,34,24,92,225,34,34,34,23,40,38
Endogenous,PCK2,NM_001018073.2,137,184,658,746,137,106,128,139,144,150
Endogenous,EPCAM,NM_002354.2,498,438,1202,783,498,165,239,583,482,304
Endogenous,CD19,NM_001770.4,19,32,31,54,19,17,73,30,40,33
Endogenous,GBP4,NM_052941.4,93,77,228,277,93,89,458,145,166,120
Endogenous,MSH6,NM_000179.2,72,76,298,241,72,67,69,58,105,93
Endogenous,TNFRSF11B,NM_002546.3,30,26,59,37,30,65,16,12,20,23
Endogenous,NOTCH1,NM_017617.3,54,71,885,626,54,93,93,81,109,108
Endogenous,CASP9,XM_011542270.1,40,43,264,157,40,66,48,38,72,52
Endogenous,RAD51C,NM_058216.2,45,125,222,211,45,50,40,93,101,50
Endogenous,HLA-DMA,NM_006120.3,333,350,1137,1405,333,667,1068,582,579,706
Endogenous,SFRP1,NM_003012.3,29,78,7367,144,29,165,39,46,307,182
Endogenous,MAGEA1,NM_004988.4,23,14,30,28,23,20,21,22,22,32
Endogenous,ENTPD1,NM_001098175.1,107,195,1273,664,107,304,448,289,431,396
Endogenous,ROCK1,NM_005406.2,94,135,540,329,94,123,119,156,162,126
Endogenous,FCGR2A,NM_021642.3,184,288,741,955,184,744,846,707,423,535
Endogenous,NGFR,NM_002507.3,23,44,1472,54,23,67,31,83,104,66
Endogenous,ALDOC,NM_005165.2,419,473,632,147,419,93,40,190,546,89
Endogenous,CCNE1,NM_001238.1,59,22,117,212,59,31,30,45,78,48
Endogenous,ITGAX,NM_000887.4,115,104,460,897,115,295,216,116,256,289
Endogenous,BLM,NM_000057.3,60,52,48,158,60,33,32,35,82,47
Endogenous,MLANA,NM_005511.1,20,18,32,32,20,15,10,11,13,26
Endogenous,FCGR1A,NM_000566.3,49,81,107,268,49,118,128,120,69,121
Endogenous,CD47,NM_001777.3,925,409,2127,2109,925,489,504,434,454,559
Endogenous,CSF2,NM_000758.3,13,19,14,14,13,15,15,19,22,23
Endogenous,CDH5,NM_001795.3,31,85,382,273,31,71,85,75,137,102
Endogenous,SLC7A5,NM_003486.6,316,174,355,517,316,67,155,42,90,76
Endogenous,GIMAP4,NM_018326.2,103,177,764,703,103,219,510,348,334,286
Endogenous,HIF1A,NM_181054.2,705,384,1247,1620,705,586,836,295,1178,814
Endogenous,CDK2,NM_001290230.1,188,98,1269,1261,188,149,138,111,172,196
Endogenous,PDCD1,NM_005018.1,12,14,19,30,12,20,30,18,22,14
Endogenous,ATF3,NM_001674.3,66,31,171,277,66,35,53,48,38,33
Endogenous,TIE1,NM_005424.4,40,81,327,342,40,45,72,80,137,109
Endogenous,CD44,NM_001001392.1,630,188,1581,3640,630,513,358,126,221,523
Endogenous,ALDOA,NM_000034.3,4299,4732,13281,8295,4299,1698,2312,1657,2557,1484
Endogenous,FAS,NM_000043.3,35,14,127,126,35,44,46,25,54,65
Endogenous,MRE11,NM_001330347.1,156,188,727,545,156,250,200,111,227,287
Endogenous,IL10,NM_000572.2,14,12,24,55,14,14,23,16,8,19
Endogenous,BMP2,NM_001200.3,10,240,92,64,10,29,23,28,42,38
Endogenous,BAX,NM_004324.3,291,159,902,1184,291,183,255,213,314,275
Endogenous,EIF5AL1,NM_001099692.1,5,14,19,20,5,13,13,14,10,8
Endogenous,KIT,NM_000222.2,16,36,554,364,16,160,182,40,139,292
Endogenous,CDK6,NM_001145306.1,27,35,392,260,27,68,70,88,65,92
Endogenous,SPIB,NM_003121.3,10,10,27,40,10,16,21,10,15,16
Endogenous,PFKFB3,NM_004566.3,36,33,1441,291,36,64,44,38,45,85
Endogenous,CXCL12,NM_199168.3,18,59,1541,482,18,136,111,101,131,94
Endogenous,CSF3,NM_000759.3,7,10,14,9,7,15,2,16,7,15
Endogenous,KIR2DL3,NM_015868.2,17,22,25,21,17,24,19,19,20,17
Endogenous,CD40,NM_001250.5,40,67,382,249,40,83,109,67,97,98
Endogenous,IRF1,NM_002198.2,223,158,634,578,223,258,729,202,283,243
Endogenous,MGMT,NM_002412.3,183,299,779,733,183,244,192,232,195,228
Endogenous,GLUD1,NM_005271.2,334,648,4005,2944,334,723,585,670,758,582
Endogenous,IFI35,NM_005533.4,240,192,484,644,240,100,176,107,176,181
Endogenous,PF4,NM_002619.3,14,22,20,15,14,12,18,18,11,22
Endogenous,GPSM3,NM_001276501.1,39,69,274,312,39,92,164,88,184,88
Endogenous,SLC2A1,NM_006516.2,72,42,147,80,72,43,27,55,32,32
Endogenous,IL2,NM_000586.2,15,21,23,27,15,17,30,22,11,18
Endogenous,SNAI1,NM_005985.3,60,62,129,178,60,73,53,69,80,82
Endogenous,CTNNB1,NM_001098209.1,1955,1539,12692,8136,1955,2889,2092,2286,2733,3255
Endogenous,NOTCH2,NM_024408.3,351,206,4075,1689,351,555,423,394,468,589
Endogenous,NFKB2,NM_001077494.3,124,77,909,1193,124,171,132,127,156,135
Endogenous,IL33,NM_033439.3,18,53,615,89,18,33,40,66,111,60
Endogenous,TREM2,NM_018965.3,64,98,550,678,64,237,194,301,207,349
Endogenous,LAMC2,NM_005562.2,43,30,950,163,43,225,19,277,165,46
Endogenous,AQP9,NM_001320635.1,45,24,117,118,45,26,23,75,33,31
Endogenous,PRKCA,NM_002737.2,17,30,193,112,17,54,30,104,83,47
Endogenous,TSLP,NM_033035.4,15,17,51,22,15,25,17,23,17,26
Endogenous,HLA-DOB,NM_002120.3,9,33,28,34,9,27,180,11,53,34
Endogenous,ANGPTL4,NM_001039667.2,93,10,44,33,93,20,16,22,15,44
Endogenous,TNFRSF25,NM_148970.1,43,94,492,261,43,136,65,81,123,70
Endogenous,MS4A4A,NM_001243266.1,84,124,375,654,84,158,559,499,251,326
Endogenous,CLEC5A,NM_013252.2,39,29,31,139,39,149,17,74,34,80
Endogenous,ITGAM,NM_000632.3,19,15,97,153,19,42,40,39,31,37
Endogenous,MMP9,NM_004994.2,57,77,812,183,57,25,53,27,220,28
Endogenous,CD7,NM_006137.6,14,16,33,54,14,12,19,29,13,24
Endogenous,VHL,NM_198156.1,70,73,429,350,70,85,75,55,61,109
Endogenous,OLFML2B,NM_015441.1,45,59,223,607,45,154,135,110,86,341
Endogenous,IL6,NM_000600.3,24,21,51,25,24,14,24,22,19,16
Endogenous,TNFRSF1A,NM_001065.2,330,342,2032,1572,330,477,235,232,405,516
Endogenous,DKK1,NM_012242.2,14,12,55,14,14,22,12,22,28,12
Endogenous,FANCA,NM_001018112.1,38,25,92,172,38,15,13,27,37,33
Endogenous,TNF,NM_000594.3,58,38,123,326,58,46,72,34,39,65
Endogenous,LTB,NM_002341.1,18,23,111,215,18,42,76,25,65,38
Endogenous,PPARGC1B,NM_001172699.1,25,41,155,115,25,38,29,33,35,30
Endogenous,RPS6KB1,NM_001272042.1,133,819,583,442,133,189,113,895,787,166
Endogenous,CD38,NM_001775.2,24,20,28,59,24,16,171,7,60,19
Endogenous,DTX3L,NM_138287.3,598,351,1092,1228,598,303,527,401,533,569
Endogenous,TMEM173,NM_198282.1,279,227,904,734,279,338,273,309,287,249
Endogenous,NEIL1,NM_024608.2,66,51,432,351,66,78,61,45,53,109
Endogenous,HELLS,NM_001289067.1,168,65,405,530,168,61,60,72,167,110
Endogenous,TGFBR1,NM_001130916.2,206,386,2568,1689,206,879,594,551,426,850
Endogenous,MB21D1,NM_138441.2,45,84,192,224,45,52,197,70,60,91
Endogenous,CCR2,NM_001123041.2,17,12,120,91,17,31,228,30,61,46
Endogenous,MSH2,NM_000251.1,227,193,908,891,227,306,198,270,452,440
Endogenous,RAD51,NM_133487.3,26,9,47,120,26,11,27,9,35,16
Endogenous,TNFRSF18,NM_148901.1,26,23,53,66,26,31,31,20,51,39
Endogenous,FCGR3A/B,NM_000570.4,325,145,441,1859,325,381,351,318,107,729
Endogenous,STAT1,NM_007315.3,2167,456,3352,4220,2167,596,2080,895,1264,1251
Endogenous,CTSS,NM_004079.3,430,385,1447,2863,430,960,3944,1218,2075,1687
Endogenous,PDK1,NM_002610.3,435,252,348,248,435,128,850,187,201,142
Endogenous,ITGAV,NM_001144999.2,612,1041,2623,3344,612,1271,873,2022,979,1529
Endogenous,ANGPT1,NM_001199859.1,21,53,114,99,21,29,30,43,40,76
Endogenous,BCL6B,NM_181844.3,15,43,114,113,15,28,21,40,51,37
Endogenous,CDH2,NM_001792.3,48,35,45,530,48,41,38,42,51,57
Endogenous,CSF3R,NM_000760.3,166,124,403,423,166,140,88,92,115,101
Endogenous,RELB,NM_006509.3,82,56,272,408,82,94,109,79,83,94
Endogenous,CXCL16,NM_001100812.1,109,124,756,607,109,292,275,173,211,280
Endogenous,IL6R,NM_000565.3,27,71,193,157,27,52,78,36,58,37
Endogenous,PDGFA,NM_033023.4,35,47,1154,177,35,57,47,26,66,38
Endogenous,PIK3R1,NM_001242466.1,119,173,2252,715,119,233,153,253,247,299
Endogenous,HK1,NM_000188.2,499,292,2330,1311,499,222,203,247,276,225
Endogenous,AXL,NM_001699.4,65,75,343,504,65,154,93,119,103,194
Endogenous,HK2,NM_000189.4,658,329,300,896,658,66,110,412,541,129
Endogenous,PDGFRB,NM_002609.3,347,409,3181,3354,347,571,309,387,695,865
Endogenous,FADD,NM_003824.3,92,489,607,3706,92,563,87,60,132,488
Endogenous,CD74,NM_001025159.2,2455,2542,15993,15141,2455,6166,9687,3755,4256,5368
Endogenous,RIPK2,NM_003821.5,124,176,486,474,124,138,172,299,137,157
Endogenous,CD45RB,ENST00000367367.1,45,38,155,247,45,80,158,81,86,96
Endogenous,BAD,NM_004322.3,86,67,765,401,86,52,52,111,83,68
Endogenous,PKM,NM_001206796.2,5714,2857,8733,8615,5714,1913,1167,1422,2512,2884
Endogenous,KLRB1,NM_002258.2,15,20,67,53,15,28,86,37,51,29
Endogenous,ADORA2A,NM_000675.5,128,33,66,132,128,26,38,23,41,36
Endogenous,IFIT1,NM_001270930.1,1506,116,693,1752,1506,107,60,215,469,446
Endogenous,UBE2T,NM_014176.1,46,26,102,389,46,33,41,38,46,40
Endogenous,RPL23,NM_000978.3,3210,5939,16936,9301,3210,3335,3322,2815,3960,3545
Endogenous,ARG2,NM_001172.3,32,70,86,81,32,54,28,24,53,28
Endogenous,TGFBR2,NM_001024847.2,114,238,1127,672,114,287,450,448,465,487
Endogenous,CRABP2,NM_001199723.1,2655,1783,3664,12227,2655,2236,975,791,2513,2526
Endogenous,BLK,NM_001330465.1,18,18,6,12,18,20,22,14,18,19
Endogenous,CCL14,NM_032962.4,41,416,2421,243,41,161,247,542,500,357
Endogenous,CCNB1,NM_031966.2,421,135,309,1093,421,95,118,70,204,227
Endogenous,STAT2,NM_005419.2,998,514,3581,3903,998,819,874,752,1076,1316
Endogenous,IKBKB,NM_001190720.2,238,260,601,483,238,158,112,98,132,109
Endogenous,ZEB2,NM_001171653.1,214,283,1391,1165,214,316,548,435,571,663
Endogenous,LRRC32,NM_005512.2,85,142,317,648,85,150,189,168,222,339
Endogenous,IL22RA1,NM_021258.2,33,33,89,44,33,32,26,20,33,36
Endogenous,ELOB,NM_007108.2,42,54,109,133,42,53,44,54,53,69
Endogenous,ITGA1,NM_181501.1,70,92,647,344,70,61,82,73,149,127
Endogenous,IL24,NM_001185158.1,20,20,20,47,20,28,20,26,21,22
Endogenous,PVRIG,NM_024070.3,49,41,305,263,49,53,72,58,46,58
Endogenous,RB1,NM_000321.2,252,229,931,1088,252,352,454,269,396,418
Endogenous,SRP54,NM_001146282.1,170,175,468,424,170,108,196,196,244,216
Endogenous,ICAM3,NM_002162.3,90,79,311,376,90,124,276,113,130,134
Endogenous,CCR5,NM_000579.3,49,44,116,163,49,72,252,55,67,70
Endogenous,CTLA4,NM_001037631.2,25,19,22,76,25,30,116,25,43,24
Endogenous,GLS,NM_014905.4,68,69,692,717,68,105,77,51,62,79
Endogenous,ITGAE,NM_002208.4,120,219,456,644,120,175,298,158,234,251
Endogenous,MET,NM_000245.2,110,96,1159,85,110,102,59,67,181,87
Endogenous,WNT3A,NM_033131.3,18,30,17,22,18,29,15,27,23,13
Endogenous,TYMP,NM_001113755.2,752,388,2964,5178,752,421,638,647,445,932
Endogenous,IFI16,NM_001206567.1,207,169,1022,897,207,345,410,328,392,579
Endogenous,PVR,NM_001135768.2,68,77,353,229,68,40,24,26,39,51
Endogenous,P4HA2,NM_001017973.1,157,314,209,315,157,124,101,78,144,179
Endogenous,BRIP1,NM_032043.2,71,49,125,317,71,54,46,187,189,95
Endogenous,ESR1,NM_000125.2,23,1154,3720,2923,23,182,863,754,1100,651
Endogenous,DAB2,NM_001244871.1,120,129,711,658,120,234,226,228,220,326
Endogenous,DUSP1,NM_004417.3,111,719,1403,740,111,164,241,486,291,228
Endogenous,CD8B,NM_172213.2,30,31,93,79,30,35,76,30,31,50
Endogenous,ACVR1C,NM_145259.2,29,33,47,35,29,28,33,49,32,60
Endogenous,IL15,NM_000585.4,25,26,42,30,25,38,61,50,37,28
Endogenous,KIR3DL1,NM_001322168.1,19,21,22,13,19,29,28,21,24,18
Endogenous,CDH1,NM_004360.3,3142,758,7733,8486,3142,276,1355,3140,4475,3540
Endogenous,HES1,NM_005524.2,267,152,2566,1989,267,343,267,65,449,404
Endogenous,IHH,NM_002181.2,18,28,20,20,18,17,25,26,37,16
Endogenous,CCL19,NM_006274.2,24,35,110,345,24,41,52,24,103,70
Endogenous,C2,NM_000063.5,107,44,82,241,107,40,130,72,45,66
Endogenous,TLR7,NM_016562.3,23,29,37,78,23,34,46,39,40,53
Endogenous,IL2RA,NM_000417.2,19,14,31,37,19,34,36,22,28,34
Endogenous,PRKAA2,NM_006252.3,27,62,187,40,27,60,22,31,45,29
Endogenous,COL11A2,NM_001163771.1,13,14,58,32,13,17,17,8,21,17
Endogenous,TNFRSF10D,NM_003840.4,22,30,81,36,22,36,28,37,31,34
Endogenous,SIGLEC8,NM_014442.2,13,15,22,54,13,13,35,44,27,32
Endogenous,PC,NM_000920.3,103,108,1023,166,103,51,44,101,118,103
Endogenous,IL17A,NM_002190.2,24,20,77,53,24,26,22,24,20,28
Endogenous,GLI1,NM_005269.2,19,18,124,51,19,35,21,28,55,25
Endogenous,GNG4,NM_001098721.1,37,51,17,63,37,16,16,25,19,17
Endogenous,LDHB,NM_001174097.2,572,465,2565,808,572,272,315,262,696,393
Endogenous,DTX4,NM_015177.1,78,29,330,461,78,67,37,38,41,134
Endogenous,CD3G,NM_000073.2,14,16,17,21,14,25,60,23,29,20
Endogenous,S100A8,NM_002964.4,2954,16,249,80,2954,80,70,180,48,28
Endogenous,ZC3H12A,NM_025079.2,29,30,186,100,29,28,28,31,18,22
Endogenous,IER3,NM_003897.3,280,817,2538,812,280,106,317,61,382,91
Endogenous,CD4,NM_000616.4,29,33,148,151,29,51,57,29,41,35
Endogenous,S100A12,NM_005621.1,21,18,60,42,21,32,21,44,25,18
Endogenous,CD6,NM_001254751.1,16,22,68,122,16,46,76,31,46,35
Endogenous,CD163,NM_203416.2,144,83,462,729,144,80,289,605,197,169
Endogenous,DUSP2,NM_004418.3,22,25,73,45,22,22,28,29,22,19
Endogenous,HERC6,NM_001165136.1,158,56,376,374,158,66,59,67,119,109
Endogenous,MRC1,NM_002438.2,23,64,320,96,23,97,201,201,145,87
Endogenous,DLL4,NM_019074.2,36,53,252,179,36,33,41,40,95,81
Endogenous,SAMSN1,NM_001256370.1,63,69,114,556,63,113,383,137,130,259
Endogenous,CD28,NM_001243077.1,19,41,80,91,19,54,68,25,38,55
Endogenous,TAP2,NM_018833.2,321,120,860,749,321,115,255,173,196,156
Endogenous,ICOS,NM_012092.3,6,14,17,52,6,25,78,22,29,24
Endogenous,TNFSF12,NM_003809.2,45,100,692,776,45,142,95,85,112,120
Endogenous,IFITM2,NM_006435.2,956,569,2987,4922,956,953,602,1085,791,1088
Endogenous,DNMT1,NM_001130823.2,319,236,1553,1391,319,306,269,215,294,326
Endogenous,TNFSF8,NM_001244.3,32,28,49,85,32,30,42,35,40,67
Endogenous,TGFB2,NM_001135599.3,48,49,246,123,48,248,88,58,141,139
Endogenous,TMEM140,NM_018295.3,64,41,176,283,64,48,91,56,64,84
Endogenous,COL11A1,NM_001854.3,514,133,41,6891,514,1455,513,1000,362,3524
Endogenous,GIMAP6,NR_024115.1,20,40,231,117,20,38,68,60,63,50
Endogenous,IRF4,NM_002460.1,33,79,103,214,33,47,673,37,212,72
Endogenous,BNIP3,NM_004052.3,445,240,332,221,445,209,135,150,167,187
Endogenous,FPR3,NM_002030.4,225,79,231,857,225,138,394,255,173,313
Endogenous,HLA-C,NM_002117.4,1786,695,6150,4264,1786,575,1252,644,670,731
Endogenous,VEGFC,NM_005429.4,135,69,307,305,135,85,133,113,150,169
Endogenous,SIGLEC1,NM_023068.3,58,66,296,487,58,43,40,70,61,94
Endogenous,BID,NM_001196.3,40,34,196,144,40,71,53,30,57,74
Endogenous,MAPK10,NM_001318067.1,62,76,113,32,62,34,26,22,26,45
Endogenous,FCN1,NM_002003.4,16,24,118,40,16,30,32,29,30,22
Endogenous,H2AFX,NM_002105.2,71,33,163,196,71,36,52,67,59,44
Endogenous,CBLC,NM_001130852.1,34,35,82,130,34,29,22,21,40,32
Endogenous,CASP3,NM_032991.2,224,225,670,680,224,195,399,157,365,280
Endogenous,PIAS4,NM_015897.2,200,62,597,593,200,116,81,108,126,101
Endogenous,HLA-DRA,NM_019111.3,1430,2507,6505,6785,1430,5762,10826,4397,4299,5723
Endogenous,ULBP2,NM_025217.2,19,24,57,68,19,29,18,20,38,26
Endogenous,CASP1,NM_001223.4,71,77,368,214,71,102,177,95,109,134
Endogenous,MS4A2,NM_000139.3,18,19,66,284,18,29,53,26,40,64
Endogenous,HSD11B1,NM_181755.2,21,24,39,30,21,18,22,25,30,22
Endogenous,GAS1,NM_002048.2,47,41,1034,869,47,128,40,65,84,119
Endogenous,FUT4,NM_002033.3,41,42,163,208,41,60,53,47,52,62
Endogenous,CSF1,NM_000757.5,59,71,812,317,59,138,80,78,99,88
Endogenous,FAM30A,NR_026800.2,23,25,50,46,23,23,137,21,62,16
Endogenous,ITPK1,NM_001142593.2,273,1750,818,1268,273,159,214,254,455,297
Endogenous,BCAT1,NM_005504.6,81,26,83,344,81,94,96,98,84,135
Endogenous,CD80,NM_005191.3,43,20,56,198,43,45,39,33,42,89
Endogenous,C1QB,NM_000491.3,302,312,1642,2311,302,575,1721,1326,664,967
Endogenous,RELN,NM_005045.3,18,27,419,25,18,21,19,27,17,33
Endogenous,ICAM5,NM_003259.3,16,14,63,18,16,33,17,23,22,19
Endogenous,MAML2,NM_032427.1,39,53,385,156,39,101,56,61,72,121
Endogenous,OLR1,NM_002543.3,107,73,59,755,107,203,178,252,43,358
Endogenous,NFKBIE,NM_004556.2,58,43,143,179,58,49,70,47,59,57
Endogenous,WNT11,XM_011545241.2,20,19,70,34,20,61,27,24,19,30
Endogenous,LILRA3,NM_001172654.2,28,31,15,14,28,21,25,32,32,32
Endogenous,TNFSF13B,NM_001145645.2,51,81,174,176,51,77,143,65,78,115
Endogenous,TDO2,NM_005651.3,102,27,26,157,102,29,63,45,86,54
Endogenous,MAP3K5,NM_005923.3,64,125,613,177,64,215,127,155,179,128
Endogenous,HLA-F,NM_001098479.1,303,151,666,490,303,140,205,95,212,92
Endogenous,CD3E,NM_000733.3,28,42,106,146,28,63,149,65,89,63
Endogenous,RRM2,NM_001034.1,714,44,451,1340,714,108,223,195,374,227
Endogenous,C7,NM_000587.2,33,81,156,58,33,23,79,117,301,111
Endogenous,TNFRSF14,NM_003820.3,203,197,1726,829,203,196,265,237,168,246
Endogenous,FCGRT,NM_004107.4,216,403,2857,3464,216,343,379,303,1134,605
Endogenous,WNT2,NM_003391.2,41,24,100,99,41,29,89,27,24,94
Endogenous,MICB,NM_005931.3,40,21,165,244,40,40,109,72,45,59
Endogenous,HMGA1,NM_145902.2,253,110,642,759,253,100,91,95,106,79
Endogenous,IL21R,NM_021798.3,19,13,16,38,19,17,38,17,12,21
Endogenous,CD300A,NM_001256841.1,38,34,148,189,38,71,45,43,48,75
Endogenous,TWIST1,NM_000474.3,160,93,97,138,160,35,14,25,22,20
Endogenous,IL1RN,NM_000577.3,34,19,141,74,34,26,18,15,25,24
Endogenous,CXCL1,NM_001511.3,18,9,199,40,18,15,19,13,13,20
Endogenous,SFXN1,NM_001322977.1,662,1899,732,760,662,305,285,313,622,447
Endogenous,GNLY,NM_012483.3,11,36,134,84,11,34,197,26,41,31
Endogenous,NID2,NM_007361.3,231,168,565,1442,231,477,182,327,339,741
Endogenous,NECTIN1,NM_002855.4,180,90,2622,549,180,187,114,160,207,130
Endogenous,SERPINA1,NM_001127702.1,164,1414,8474,133,164,226,225,95,186,127
Endogenous,PDGFB,NM_002608.2,45,51,119,200,45,30,27,21,51,36
Endogenous,HLA-B,NM_005514.6,4911,2885,29639,22468,4911,3051,6006,3822,4081,3240
Endogenous,VCAM1,NM_001078.3,190,124,625,713,190,136,286,131,287,372
Endogenous,HLA-DPB1,NM_002121.5,383,805,3055,2714,383,2692,4927,2049,2321,2541
Endogenous,HLA-DOA,NM_002119.3,29,49,105,112,29,72,93,50,55,66
Endogenous,GBP2,NM_004120.4,128,77,430,525,128,185,287,109,181,138
Endogenous,ATM,NM_000051.3,343,396,1465,845,343,487,620,449,624,534
Endogenous,PSMB8,NM_004159.4,275,176,1017,838,275,126,412,230,161,195
Endogenous,MLH1,NM_000249.2,173,132,799,779,173,162,165,129,212,216
Endogenous,PLA1A,NM_015900.2,23,31,36,35,23,40,42,37,34,50
Endogenous,NT5E,NM_002526.3,109,52,289,432,109,83,95,92,110,136
Endogenous,PALMD,NM_017734.4,23,74,575,162,23,87,53,120,82,83
Endogenous,UBA7,NM_003335.2,148,83,620,532,148,165,143,87,111,133
Endogenous,PIK3CD,NM_001350234.1,36,36,142,111,36,40,54,28,70,53
Endogenous,NOD2,NM_022162.1,36,40,137,88,36,41,80,33,50,47
Endogenous,CEACAM3,NM_001277163.2,33,39,26,15,33,30,23,35,35,21
Endogenous,RIPK3,NM_006871.3,43,76,90,112,43,33,70,25,43,40
Endogenous,IL1R2,NR_048564.1,16,6,46,32,16,23,20,49,16,30
Endogenous,JAK1,NM_002227.1,316,413,2933,1219,316,524,377,464,486,463
Endogenous,ENO1,NM_001428.3,5271,843,8845,2938,5271,1029,655,855,1153,1248
Endogenous,LILRA1,NM_001278318.1,27,23,51,55,27,38,37,28,34,40
Endogenous,BBS1,NM_024649.4,83,97,406,169,83,96,70,89,95,92
Endogenous,MYD88,NM_002468.3,214,176,1092,1135,214,160,148,136,154,183
Endogenous,CXCR3,NM_001142797.1,13,20,32,55,13,28,39,23,25,18
Endogenous,CD1C,NM_001765.2,9,22,68,25,9,41,15,19,53,34
Endogenous,TLR9,NM_017442.2,20,28,45,61,20,39,35,29,29,32
Endogenous,CCL7,NM_006273.3,67,23,44,69,67,26,19,21,25,31
Endogenous,CPA3,NM_001870.2,68,142,288,1846,68,245,961,111,338,782
Endogenous,SH2D1A,NM_001114937.2,20,29,37,72,20,35,75,47,41,25
Endogenous,CCR4,NM_005508.4,33,24,55,108,33,54,104,35,45,37
Endogenous,HDAC4,NM_006037.3,46,33,269,176,46,106,51,89,82,78
Endogenous,POLD1,NM_001256849.1,44,41,147,175,44,40,35,33,40,48
Endogenous,PTPN11,NM_001330437.1,610,922,2215,1690,610,452,455,404,591,581
Endogenous,JAK2,NM_004972.2,152,236,2467,967,152,290,414,254,373,337
Endogenous,WNT10A,NM_025216.2,17,16,44,47,17,28,68,28,42,27
Endogenous,ITGB2,NM_000211.3,166,174,752,1675,166,452,380,240,409,501
Endogenous,TYMS,NM_001071.1,269,45,412,634,269,83,99,84,365,122
Endogenous,KAT2B,NM_003884.4,125,310,1221,571,125,227,392,488,279,285
Endogenous,ITGA6,NM_001316306.1,65,246,1882,448,65,187,397,497,302,279
Endogenous,TBX21,NM_013351.1,24,28,28,29,24,41,31,24,33,26
Endogenous,BRCA1,NM_007294.3,42,70,163,255,42,51,52,30,48,60
Endogenous,COL17A1,NM_000494.3,51,35,4401,151,51,321,31,47,367,117
Endogenous,BIRC3,NM_001165.4,20,31,65,43,20,30,44,26,31,34
Endogenous,KRAS,NM_004985.3,151,181,979,658,151,141,196,153,231,212
Endogenous,IL11RA,NM_147162.1,39,89,585,127,39,82,51,42,66,68
Endogenous,SIRPA,NM_001040023.1,101,98,630,445,101,185,172,164,163,280
Endogenous,CEBPB,NM_005194.3,357,267,2224,1065,357,345,293,373,386,392
Endogenous,VTCN1,NM_001253849.1,755,68,2273,701,755,1702,276,87,225,188
Endogenous,SGK1,NM_005627.3,161,110,1200,830,161,266,252,227,370,351
Endogenous,NLRC5,NM_032206.4,135,66,240,371,135,93,127,97,103,125
Endogenous,CCL8,NM_005623.2,271,46,131,257,271,61,124,78,52,122
Endogenous,TRAF1,NM_001190945.1,25,82,204,298,25,98,65,46,62,68
Endogenous,ADAM12,NM_003474.5,523,104,1374,2706,523,869,436,381,375,2032
Endogenous,MMRN2,NM_024756.2,61,121,616,246,61,82,96,117,173,97
Endogenous,PTGS2,NM_000963.1,29,40,129,72,29,47,40,38,31,43
Endogenous,SMAD5,NM_005903.5,224,685,1463,956,224,369,280,200,348,477
Endogenous,LCK,NM_005356.4,34,46,92,157,34,57,154,50,92,64
Endogenous,ITGB3,NM_000212.2,45,73,128,83,45,72,50,63,75,52
Endogenous,FCGR2B,NM_001002273.1,99,88,220,413,99,199,452,364,237,342
Endogenous,NRAS,NM_002524.4,294,248,1238,1228,294,330,290,262,392,416
Endogenous,IL34,NM_001172771.1,40,55,297,67,40,63,50,44,69,46
Endogenous,LAMA1,NM_005559.3,57,43,240,102,57,89,54,57,63,69
Endogenous,CLEC4E,NM_014358.3,34,33,72,76,34,41,38,41,54,45
Endogenous,IL18R1,NM_001282399.1,40,37,43,79,40,42,75,61,58,57
Endogenous,MFNG,NM_002405.3,98,29,119,106,98,27,51,47,45,38
Endogenous,TTC30A,NM_152275.3,124,170,364,344,124,125,126,129,128,218
Endogenous,TNFRSF10C,NM_003841.3,73,54,302,73,73,82,107,74,64,63
Positive,POS_C(8),ERCC_00002.1,3852,4739,2453,2224,3852,4504,3552,4425,4346,4501
Positive,POS_A(128),ERCC_00117.1,36727,43726,27681,23254,36727,42598,31296,38967,37992,40969
Positive,POS_F(0.125),ERCC_00034.1,75,85,46,66,75,88,57,84,93,82
Positive,POS_D(2),ERCC_00092.1,725,898,470,503,725,925,602,845,820,864
Positive,POS_B(32),ERCC_00112.1,14523,17129,10228,8647,14523,16351,13062,16298,15828,16719
Positive,POS_E(0.5),ERCC_00035.1,150,158,103,88,150,169,139,189,169,167
Negative,NEG_C(0),ERCC_00019.1,27,29,13,22,27,20,26,31,24,31
Negative,NEG_D(0),ERCC_00076.1,8,15,17,14,8,18,21,16,22,18
Negative,NEG_E(0),ERCC_00098.1,24,20,16,26,24,20,27,22,24,16
Negative,NEG_A(0),ERCC_00096.1,17,29,12,12,17,20,12,17,12,19
Negative,NEG_H(0),ERCC_00154.1,12,11,11,21,12,14,19,9,16,15
Negative,NEG_G(0),ERCC_00144.1,14,7,7,13,14,14,13,17,14,14
Negative,NEG_F(0),ERCC_00126.1,39,39,19,17,39,38,29,26,41,36
Negative,NEG_B(0),ERCC_00041.1,20,17,10,18,20,35,32,33,21,32
Housekeeping,UBB,NM_018955.3,3440,4712,13464,15704,3440,3538,5928,3098,7791,4718
Housekeeping,PUM1,NM_001020658.1,615,750,3278,1478,615,658,451,533,667,653
Housekeeping,TLK2,NM_006852.3,144,418,561,533,144,130,135,517,486,151
Housekeeping,DNAJC14,NM_032364.5,201,244,1057,972,201,110,112,143,191,153
Housekeeping,SF3A1,NM_005877.4,315,313,1616,1190,315,260,227,327,267,313
Housekeeping,POLR2A,NM_000937.2,460,550,3813,2452,460,570,342,449,596,572
Housekeeping,SDHA,NM_004168.3,339,570,2417,2032,339,467,286,425,365,481
Housekeeping,STK11IP,NM_052902.2,103,100,470,359,103,80,79,120,120,95
Housekeeping,NRDE2,NM_017970.3,179,336,589,369,179,171,159,134,237,220
Housekeeping,TBP,NM_001172085.1,117,230,737,411,117,211,195,117,321,254
Housekeeping,OAZ1,NM_004152.2,2242,1825,7198,8339,2242,1315,2365,1823,1643,2122
Housekeeping,TBC1D10B,NM_015527.3,92,86,578,594,92,111,54,115,97,98
Housekeeping,GUSB,NM_000181.1,146,177,979,638,146,146,224,149,166,177
Housekeeping,PSMC4,NM_006503.2,209,359,1253,1265,209,140,205,205,374,216
Housekeeping,TFRC,NM_003234.1,489,142,971,389,489,248,207,184,258,184
Housekeeping,ABCF1,NM_001090.2,170,258,901,870,170,163,187,162,289,194
Housekeeping,TMUB2,NM_177441.2,82,172,628,527,82,125,55,88,81,121
Housekeeping,MRPL19,NM_014763.3,232,223,771,675,232,211,200,169,290,280
Housekeeping,G6PD,NM_000402.4,92,199,336,342,92,61,48,87,83,71
Housekeeping,ERCC3,NM_000122.1,454,403,1321,1163,454,449,423,578,547,586
