code_class,gene,log2_fold_change
Endogenous,CCNO,-2.6432076417571095
Endogenous,MYC,-0.35858423094966374
Endogenous,CD79A,-1.330916878114617
Endogenous,FSTL3,-0.09523779677292514
Endogenous,VCAN,-0.4519181098703527
Endogenous,CX3CL1,-0.21017973723490677
Endogenous,ERBB2,-1.7160462581774496
Endogenous,FAM124B,-0.6292204204060708
Endogenous,AKT1,-1.6254738997640832
Endogenous,KDR,-0.8379504843541901
Endogenous,EGF,-0.8643084196633086
Endogenous,MAGEA12,0.3743955147814979
Endogenous,IFNA1,-0.67408839119414
Endogenous,TGFB3,-1.4035536676155398
Endogenous,MFGE8,-1.1195150058117551
Endogenous,CXCL2,-0.19675649434959877
Endogenous,CCND2,-0.43868343263321297
Endogenous,PDZK1IP1,-3.537133975630541
Endogenous,JAG2,-1.524526646859182
Endogenous,C5,-1.0714623625566242
Endogenous,CD79B,-0.6251515908368549
Endogenous,CXCR2,0.46847675824030416
Endogenous,PSMB10,-1.1309606778831631
Endogenous,ZEB1,-0.5770573026358101
Endogenous,ANLN,-1.3563915044555839
Endogenous,TAF3,-0.6947506462592677
Endogenous,CD276,-1.096323250765962
Endogenous,ICAM1,-0.9278061752618542
Endogenous,IL16,-1.46486865523085
Endogenous,CXCL3,0.3305412251920706
Endogenous,PRR5,-0.9938738972031583
Endogenous,CTSW,-1.2784264562507759
Endogenous,CXCR4,0.28003248218569116
Endogenous,IFNGR2,-1.2563397532597858
Endogenous,CDH11,-0.3063759778524294
Endogenous,COL6A3,0.33456465512976147
Endogenous,GZMK,-0.8225743096750431
Endogenous,IRF2,-1.2355885234321242
Endogenous,RPL7A,-1.4002939860905812
Endogenous,GPR160,0.36974777493962807
Endogenous,MICA,-1.3926097325844182
Endogenous,TAPBPL,-1.5077946401986964
Endogenous,CXCL14,-2.2542210039803225
Endogenous,CD14,-1.0010925370010118
Endogenous,IL18,-0.2103195890358729
Endogenous,CLEC14A,-0.24777533844836097
Endogenous,HMGB1,-0.5757557366045291
Endogenous,KIF2C,-0.9477700412274421
Endogenous,RNLS,-1.201068652527401
Endogenous,RPTOR,-1.3711080908411064
Endogenous,CD68,-0.7085909495365308
Endogenous,CCL13,0.4556794837761897
Endogenous,CYBB,-1.4350951516200974
Endogenous,PLA2G2A,0.19464743085354386
Endogenous,FGF13,-0.22834735455115554
Endogenous,CNTFR,0.17218097538268035
Endogenous,CD244,-0.5145731728297581
Endogenous,CSF2RB,-1.4050946960312656
Endogenous,MAP3K7,-0.8576794599522893
Endogenous,FASLG,-0.8564726886222951
Endogenous,CD209,-0.16099187667230475
Endogenous,IRF7,-0.866516994525748
Endogenous,PTCD2,-0.23820912679922293
Endogenous,PIK3R2,-1.91869461793299
Endogenous,LILRA5,-0.6430654552847245
Endogenous,IL32,-1.4414154753585822
Endogenous,CCND3,-1.6403124291484132
Endogenous,BIRC5,-1.9225162923232497
Endogenous,LGALS9,-1.8570762004658121
Endogenous,RASAL1,-0.09663578304511952
Endogenous,PDCD1LG2,-0.6142568075151942
Endogenous,IL11,-1.0924462487645952
Endogenous,PRKX,0
Endogenous,SNCA,0.6513637264436659
Endogenous,ADGRE1,-0.5046747117635205
Endogenous,PSMB9,-1.6974693752328736
Endogenous,RUNX3,-1.7418243263439739
Endogenous,PGPEP1,-1.956839237211028
Endogenous,MELK,-1.1142834274958915
Endogenous,ISG15,-1.8181240318345717
Endogenous,EIF2B4,-1.576366477032771
Endogenous,IRF9,-1.5923876073884173
Endogenous,IL1A,-1.0473057147783567
Endogenous,FCRL2,-0.3518436727916499
Endogenous,EIF4EBP1,-2.2524062926029167
Endogenous,LTBP1,-0.4828643131024202
Endogenous,CD40LG,-0.5793597944917803
Endogenous,HEY1,0.2917478347486099
Endogenous,HLA-DQA1,-1.5458301600674047
Endogenous,PRLR,-0.06325255825043347
Endogenous,TNFRSF11A,0.39891783391556673
Endogenous,AREG,-1.5305147166987798
Endogenous,BBC3,-1.1778320832969087
Endogenous,EDN1,0.2504891525146802
Endogenous,PARP12,-1.2700891633677442
Endogenous,PIK3CG,-0.5605649315927457
Endogenous,IL4,0.18442457113742758
Endogenous,F2RL1,-0.856846227353328
Endogenous,CXCL6,0.4764380439429871
Endogenous,TNFSF18,0.2630344058337938
Endogenous,JAK3,-1.5477111054245845
Endogenous,NKG7,-1.797894592808538
Endogenous,TAPBP,-1.5557657052765423
Endogenous,MTOR,-1.5858287241280793
Endogenous,SELP,-0.22948184612276734
Endogenous,HLA-E,-1.6168535591720514
Endogenous,GOT1,-1.084017291355693
Endogenous,SMAP1,-0.9867031773865421
Endogenous,CDKN1A,-1.54651220087936
Endogenous,CD45RA,-1.332076050263445
Endogenous,HNF1A,0.049468676264299904
Endogenous,TICAM1,-1.0318840610197861
Endogenous,C1QA,-1.5443639506156153
Endogenous,CD86,-0.06588793565645709
Endogenous,ITGA4,-1.8354247300002424
Endogenous,ROR2,-1.3195071749170937
Endogenous,WNT7B,0.23918766387942633
Endogenous,FLT1,-0.56580292243770125
Endogenous,CTAG1B,-0.6977304308831059
Endogenous,CLEC7A,0.808386769788482
Endogenous,TNFRSF4,-0.18057224564182092
Endogenous,MS4A6A,-0.34348423825380986
Endogenous,ANGPT2,-0.406121361780889
Endogenous,APH1B,0.3032396897213837
Endogenous,RORC,-0.048319822572253535
Endogenous,NECTIN2,-1.614799880314625
Endogenous,DPP4,0.07513433006077926
Endogenous,CCL2,-1.544355183476179
Endogenous,NF1,-1.0034309054002735
Endogenous,S100A9,-0.8032333863390466
Endogenous,NFKBIA,-1.298584588084564
Endogenous,BNIP3L,-1.288718550543154
Endogenous,CST2,-0.24147826246734613
Endogenous,APOL6,-1.3220906429176047
Endogenous,BRD4,-2.1504195916092392
Endogenous,SLC16A1,-0.7963893635086982
Endogenous,THBD,-1.8664636552137577
Endogenous,TIGIT,-1.823474587420881
Endogenous,VSIR,-1.8056364048313047
Endogenous,TRIM21,-1.0198630265763777
Endogenous,NBN,-1.3516379310984024
Endogenous,WNT4,0.4222330006830478
Endogenous,CXCL8,-0.3219280948873623
Endogenous,FGF9,0.15919859484925394
Endogenous,C5AR1,-0.1965389940468869
Endogenous,TNFRSF1B,-1.4103761219089808
Endogenous,HLA-DRB5,0.5329032851928818
Endogenous,GLUL,-0.5176639374337157
Endogenous,LY9,-1.3035134751888642
Endogenous,TAP1,-1.0577154978562873
Endogenous,IFIH1,-1.2140424385896216
Endogenous,DEPTOR,-0.9955282566573226
Endogenous,CSF1R,-0.33714300173057593
Endogenous,MARCO,-0.1488633859144827
Endogenous,NFIL3,-0.0850486556333943
Endogenous,IKBKG,-1.8420375869851011
Endogenous,CD58,-0.8730878875177807
Endogenous,LOXL2,-1.0954803088542284
Endogenous,SPRY4,-2.2185707103840397
Endogenous,NFAM1,-0.929610672108602
Endogenous,SYK,-1.0644400615602116
Endogenous,COMP,1.0692144947312887
Endogenous,IFI6,-1.9286009441087164
Endogenous,RASGRF1,-0.0485801804450616
Endogenous,HDAC5,-1.3990201019414754
Endogenous,BAMBI,0.7078734199936626
Endogenous,MAGEC1,0.28141293514864857
Endogenous,FYN,-1.430072344774178
Endogenous,TNFSF4,-0.0635029423061579
Endogenous,CD274,-1.5796682010516432
Endogenous,PRKACB,-0.02153316154964132
Endogenous,IFIT2,-1.689502485889042
Endogenous,PPARG,0.1783372412585124
Endogenous,PTEN,-1.0420361318421585
Endogenous,FOXP3,-0.4386887673434892
Endogenous,SREBF1,1.1600487097413217
Endogenous,CD36,1.225613000596358
Endogenous,AXIN1,-1.8087013477651206
Endogenous,KLRK1,-0.9889165008709835
Endogenous,GBP1,-1.4405725913859815
Endogenous,CXCL11,-0.6048620581588612
Endogenous,CXCL10,-1.1755386079058392
Endogenous,RIPK1,-1.2231957036739538
Endogenous,REN,0.2630344058337938
Endogenous,PRF1,-1.2672222027972273
Endogenous,EIF2AK2,-0.9954017649013527
Endogenous,LIF,-1.2669708203929642
Endogenous,BRD3,-1.4796719758660366
Endogenous,IGF2R,-0.9126963878255784
Endogenous,FPR1,-0.5182363869203432
Endogenous,DUSP5,-1.8649382262966379
Endogenous,APC,-0.6854514354782353
Endogenous,HDAC3,-0.5892012719912495
Endogenous,CES3,-0.7301604162610918
Endogenous,OAS2,-1.3002330237880433
Endogenous,HDAC11,-1.508498658420074
Endogenous,THBS1,0.11971784655214329
Endogenous,SLC11A1,0.5243763478601169
Endogenous,MAGEA3/A6,-0.061400544664143256
Endogenous,ARID1A,-1.6451267271011294
Endogenous,CD48,-0.797086586603777
Endogenous,GZMA,-1.1284299401244728
Endogenous,ICOSLG,-0.8102822718091272
Endogenous,PIK3R5,-0.46948528330122025
Endogenous,GZMM,-0.9663168737437114
Endogenous,WNT5A,-0.5027048186020772
Endogenous,TLR4,-0.8390536105359626
Endogenous,GZMB,-0.5305147166987798
Endogenous,PARP9,-1.3177052755286247
Endogenous,LY96,-0.25490031123818235
Endogenous,RAD50,-0.1807689052714723
Endogenous,MX1,-1.6201657792109692
Endogenous,CENPF,-0.8091153799220416
Endogenous,SELL,-1.3206891982540037
Endogenous,TNFSF10,-1.788602175251111
Endogenous,IL12RB2,-1.1075284643044452
Endogenous,CXCL9,-3.1812930011281195
Endogenous,TRAT1,-1.1321559585665666
Endogenous,STC1,-0.6897133115480336
Endogenous,IL2RB,-1.6705382324272302
Endogenous,LILRB4,-0.15125770720222811
Endogenous,SOX2,-0.09891502607268728
Endogenous,HCK,-1.097658608356228
Endogenous,WNT2B,-0.7638624871290577
Endogenous,IL1B,-1.8095227587403142
Endogenous,TLR1,-0.018847295018745203
Endogenous,CCL22,-1.04654258593703
Endogenous,ICAM2,-1.4985781948215469
Endogenous,MAP3K12,-1.1228567477855336
Endogenous,JAG1,-0.052367173565297756
Endogenous,CCL3/L1,-0.37401023101878894
Endogenous,SOCS1,-1.5715419849588343
Endogenous,BCL2,-0.7839100690083252
Endogenous,MAP3K8,-0.4398088341040634
Endogenous,MMP1,-1.340228911630306
Endogenous,CMKLR1,-0.23905329094206942
Endogenous,TNFRSF17,-0.7109703856332615
Endogenous,TLR8,-0.6559290220752996
Endogenous,TPM1,-1.7078192485066896
Endogenous,CXorf36,0.05666585282876439
Endogenous,NLRP3,-1.0259952085329445
Endogenous,DEFB134,0.49410907027004275
Endogenous,HLA-DQA2,3.59901115775722
Endogenous,CX3CR1,-2.2065892588440508
Endogenous,APLNR,-1.664132714154764
Endogenous,MXI1,-1.9932062671051067
Endogenous,FZD9,-0.21631790692676364
Endogenous,COL4A5,-1.4533304546967583
Endogenous,FCAR,-0.6374299206152917
Endogenous,BRCA2,-0.8651925218174715
Endogenous,SFRP4,-1.2745529118335477
Endogenous,TLR3,-0.7930063478681997
Endogenous,IL2RG,-2.0070547575339504
Endogenous,CD84,-0.33693025822660905
Endogenous,HLA-DPA1,0.10888727775235053
Endogenous,RBL2,-0.6652513181572807
Endogenous,CCL18,0.10563363097846375
Endogenous,IRF3,-1.8485572852921914
Endogenous,TNFRSF8,0.1963972128035036
Endogenous,KIR3DL2,0.538095895683182
Endogenous,TNFSF13,-1.720914906118373
Endogenous,CLECL1,-0.6490928381408719
Endogenous,TNFRSF10B,-1.7143789090989663
Endogenous,MAGEC2,-0.7240265384587082
Endogenous,CDKN2A,0.04687672427835113
Endogenous,ADM,0.28540221886224837
Endogenous,PNOC,0.28280807914412187
Endogenous,CD247,-0.035623909730721375
Endogenous,PTPRC,-0.5143162140543192
Endogenous,OAS3,-1.7544298669365106
Endogenous,LAG3,-0.5016598540265947
Endogenous,FOSL1,-0.15058521122685475
Endogenous,EOMES,-0.8557952771153573
Endogenous,IL10RA,-0.6394102847435327
Endogenous,WDR76,-0.691772815689213
Endogenous,GPC4,0.00998408857262207
Endogenous,SLAMF7,-0.6212321026464953
Endogenous,RSAD2,-0.6624429155483395
Endogenous,TLR5,-0.1797423269530165
Endogenous,VEGFA,-1.1332794046552617
Endogenous,COL5A1,0.718335775326365
Endogenous,CD3D,-0.9685503613749471
Endogenous,FBP1,-1.0762910572759328
Endogenous,ERO1A,-0.47952816686010963
Endogenous,CCL21,-0.5503638391971892
Endogenous,E2F3,-1.2431250405158962
Endogenous,LDHA,-1.4321947819450378
Endogenous,MS4A1,-0.3048545815284209
Endogenous,CD69,-0.0733731863302192
Endogenous,SERPINB5,0.07251249978436797
Endogenous,FAP,1.3090835615569465
Endogenous,ITGA2,-0.6115829011884184
Endogenous,SIGLEC5,-0.32659953461125996
Endogenous,SIRPB2,0.435884284184448
Endogenous,EPM2AIP1,-1.2286099133170907
Endogenous,FGF18,-0.4366397537640548
Endogenous,HRAS,-1.2957656076666673
Endogenous,CCND1,-0.30681494379384505
Endogenous,LAMB3,-0.7016587254302534
Endogenous,ID4,0.08958879421269754
Endogenous,CCL4,-0.42884329880387423
Endogenous,GZMH,-0.5474877953024933
Endogenous,API5,-0.953574812814596
Endogenous,PTGER4,-1.782719189331822
Endogenous,ITGB8,-1.6234880219904715
Endogenous,TNKS,-0.8821635097061419
Endogenous,B2M,-1.4858472986695361
Endogenous,TP53,-1.3329704626883516
Endogenous,MAGEB2,-0.39765542105060747
Endogenous,LYZ,-1.799803742250745
Endogenous,NCAM1,-0.2874874495583329
Endogenous,TCL1A,-0.84799690655495
Endogenous,HDC,-0.3983862587286801
Endogenous,CD27,-2.57298985905508
Endogenous,SBNO2,-0.8371052006252165
Endogenous,PECAM1,-1.0749560086580927
Endogenous,SERPINH1,-0.21233395568589877
Endogenous,SPP1,-0.9280954454262762
Endogenous,EGFR,0.05098392871880493
Endogenous,CASP8,-0.40778515705058416
Endogenous,CCNA1,-0.0324214776923775
Endogenous,TNFAIP3,-1.0321206969051129
Endogenous,CDC25C,-1.425305834732671
Endogenous,CXCR6,-1.3996832524018077
Endogenous,DLL1,-0.2902558745688181
Endogenous,OAS1,-1.6548412304685272
Endogenous,HLA-DQB1,-0.939879007562429
Endogenous,ROBO4,-1.2607205399955472
Endogenous,NFKB1,-1.1413751235996328
Endogenous,IFI27,-1.4152536672245142
Endogenous,HLA-DMB,-0.5357811370709634
Endogenous,CDKN1C,-0.041075943002915824
Endogenous,CEP55,-1.3344190390705593
Endogenous,ARG1,0.5728896684205812
Endogenous,PLOD2,0.34080956064589757
Endogenous,LAIR1,-0.46178575847032316
Endogenous,SHC2,0.06695443781165558
Endogenous,STAT3,-1.1128275629713236
Endogenous,CD45RO,-0.8783214434117476
Endogenous,CD2,-1.183962834842595
Endogenous,IL7R,-1.5291905357513982
Endogenous,FLNB,-0.6604311006491572
Endogenous,PSMB5,-1.5198613327052048
Endogenous,SLC1A5,-0.6957577742103211
Endogenous,RICTOR,0.17351152993207858
Endogenous,ZAP70,-1.280348991135963
Endogenous,TNFAIP6,1.0484205868314338
Endogenous,BTLA,-0.7447429447579254
Endogenous,RELA,-1.9765741510791885
Endogenous,MMP7,-1.352060066228517
Endogenous,TCF3,-1.6705467288894746
Endogenous,IRF8,-0.41806519197641173
Endogenous,NOS2,-0.24327115101236368
Endogenous,A2M,-0.8292465362431681
Endogenous,CCL20,-0.7004397181410921
Endogenous,MKI67,-1.8053636242385127
Endogenous,IFNGR1,-0.5421752443922534
Endogenous,INHBA,0.8135868757691187
Endogenous,WNT5B,-0.28253058145959103
Endogenous,CXCL5,0.02680005934371527
Endogenous,SOX10,0.33184356375244506
Endogenous,EGR1,-0.64144003040698
Endogenous,STAT4,-0.992080336703762
Endogenous,IFIT3,-1.075591643133452
Endogenous,GMIP,-1.328054197684204
Endogenous,ARNT2,-0.6438561897747247
Endogenous,UBE2C,-1.6059221193568023
Endogenous,CHUK,-1.5507233397331583
Endogenous,GHR,0.0998832690328728
Endogenous,TPI1,-1.6259006128888882
Endogenous,HAVCR2,-0.11372573603340508
Endogenous,GOT2,-0.8067843485714685
Endogenous,PIK3CA,-0.27723586724375104
Endogenous,TNFSF9,-0.017594060014738185
Endogenous,IDO1,-1.2239648411552015
Endogenous,APOE,-0.8298543342060828
Endogenous,LILRB2,-0.9834804106412934
Endogenous,PARP4,-0.7023285924941887
Endogenous,PFKM,-0.5956097449206648
Endogenous,THY1,-0.2731984335802911
Endogenous,SAMD9,-1.06814499526233
Endogenous,TGFB1,-0.9091975682255498
Endogenous,CD8A,-0.8996950942043145
Endogenous,SELE,-0.3813753319173085
Endogenous,CDKN2B,0.7052567344388679
Endogenous,CD5,-0.8443491295398058
Endogenous,HLA-A,-1.850984657008085
Endogenous,FZD8,-1.7031885821817818
Endogenous,BCL2L1,-1.0083335662494752
Endogenous,TNFRSF9,-0.6806276100163943
Endogenous,XCL1/2,-1.0853914912306446
Endogenous,MAGEA4,0.08091999538356746
Endogenous,PMS2,-0.6564130239828647
Endogenous,KLRD1,-1.0043001374336256
Endogenous,NFATC2,-0.7764566451833738
Endogenous,VEGFB,-1.6365766083286957
Endogenous,CDC20,-1.6049539759086224
Endogenous,OTOA,0.6280312226130421
Endogenous,TPSAB1/B2,-0.9911952583751652
Endogenous,P4HA1,-0.6375494628153757
Endogenous,P2RY13,-1.0123132614388515
Endogenous,EXO1,-1.3770696490798233
Endogenous,CD70,0.39119075732447595
Endogenous,DDB2,-1.1712645034155929
Endogenous,NDUFA4L2,-1.0495201358437989
Endogenous,IFITM1,-1.906095503253928
Endogenous,IFNAR1,-0.2631427610136028
Endogenous,TREM1,-0.0960268877737757
Endogenous,CXCL13,-2.736965594166206
Endogenous,TWIST2,-0.16600995143892924
Endogenous,HLA-DRB1,-0.5607662165790872
Endogenous,FGFR1,-0.9695806041221462
Endogenous,TBXAS1,-0.22758556982950406
Endogenous,NCR1,0.08246216019197297
Endogenous,SOX11,1.1386535397860302
Endogenous,TLR2,-0.315480149156633
Endogenous,TWF1,-1.2392698819986636
Endogenous,CCL5,-2.021879325020627
Endogenous,ITGAL,-1.0536971231797532
Endogenous,MYCT1,0.03992618441275893
Endogenous,CD96,-1.473583509082413
Endogenous,PROM1,-2.3656494723166803
Endogenous,OASL,-1.8377830936929507
Endogenous,IFNG,0.17449773123213647
Endogenous,BATF3,-1.1144199106368937
Endogenous,EZH2,-1.4333800794006464
Endogenous,IRF5,-0.7466157641999255
Endogenous,PCK2,-1.5776374697763018
Endogenous,EPCAM,-0.657777804050527
Endogenous,CD19,-0.426370590086431
Endogenous,GBP4,-1.4376111910148741
Endogenous,MSH6,-1.1736278517720238
Endogenous,TNFRSF11B,0.15527822547791081
Endogenous,NOTCH1,-2.2713253888947733
Endogenous,CASP9,-1.3528810232162745
Endogenous,RAD51C,-0.24519772068801338
Endogenous,HLA-DMA,-0.2577856824659444
Endogenous,SFRP1,-0.2021437374926425
Endogenous,MAGEA1,0.08979667035064554
Endogenous,ENTPD1,-1.108411432763
Endogenous,ROCK1,-1.0534975484926248
Endogenous,FCGR2A,-0.1779943127480375
Endogenous,NGFR,0.08516738326267713
Endogenous,ALDOC,-1.4836791648839744
Endogenous,CCNE1,-1.0389941316158635
Endogenous,ITGAX,-0.3812695958789498
Endogenous,BLM,-0.23515537325835728
Endogenous,MLANA,0.2801079191927352
Endogenous,FCGR1A,0.4405725913859814
Endogenous,CD47,-1.1289342450247644
Endogenous,CSF2,0.36257007938470837
Endogenous,CDH5,-1.0759933143036409
Endogenous,SLC7A5,-1.2310875168960678
Endogenous,GIMAP4,-0.9199417009483893
Endogenous,HIF1A,-0.9338370839435359
Endogenous,CDK2,-2.140814085860301
Endogenous,PDCD1,-0.33411750389527645
Endogenous,ATF3,-1.566550463607276
Endogenous,TIE1,-1.074915706777911
Endogenous,CD44,-1.4034495250036318
Endogenous,ALDOA,-0.9267472327673714
Endogenous,FAS,-0.9843183777677303
Endogenous,MRE11,-0.8255811562919912
Endogenous,IL10,-0.1783372412585124
Endogenous,BMP2,0.6708403358815617
Endogenous,BAX,-1.5939728761693912
Endogenous,EIF5AL1,0.39759236481943455
Endogenous,KIT,0.1751910568558395
Endogenous,CDK6,-1.3429660846581495
Endogenous,SPIB,-0.4854268271702417
Endogenous,PFKFB3,-0.9894693325078305
Endogenous,CXCL12,-2.4806628326127056
Endogenous,CSF3,1.3219280948873624
Endogenous,KIR2DL3,0.09404348991513799
Endogenous,CD40,-1.3189957868842044
Endogenous,IRF1,-1.5002902809469214
Endogenous,MGMT,-0.9358958094913956
Endogenous,GLUD1,-1.5346716117126118
Endogenous,IFI35,-1.3436528660420786
Endogenous,PF4,0.24691474047051698
Endogenous,GPSM3,-1.1560363503097884
Endogenous,SLC2A1,-0.8025539357937829
Endogenous,IL2,0.19068356160910999
Endogenous,SNAI1,-0.25291018856008657
Endogenous,CTNNB1,-1.1700150472753479
Endogenous,NOTCH2,-1.8816107415124719
Endogenous,NFKB2,-1.3728428731670377
Endogenous,IL33,0.04666143876412644
Endogenous,TREM2,-0.04386130735664864
Endogenous,LAMC2,0.7884958948062882
Endogenous,AQP9,0.9181229929455923
Endogenous,PRKCA,-0.32939247219866535
Endogenous,TSLP,0.567040592723894
Endogenous,HLA-DOB,-0.2403143293337102
Endogenous,ANGPTL4,-1.2648971498509833
Endogenous,TNFRSF25,-1.2713453193381699
Endogenous,MS4A4A,-0.03879749879003276
Endogenous,CLEC5A,1.440791397034522
Endogenous,ITGAM,-0.25197921732479805
Endogenous,MMP9,-1.635588573791124
Endogenous,CD7,0.028854862672184987
Endogenous,VHL,-1.380578028535471
Endogenous,OLFML2B,0.6113085968638666
Endogenous,IL6,-0.29218075149331013
Endogenous,TNFRSF1A,-1.189834647127423
Endogenous,DKK1,-0.13430109171159121
Endogenous,FANCA,-1.2630344058337937
Endogenous,TNF,-0.6725488656704357
Endogenous,LTB,-1.0768155970508309
Endogenous,PPARGC1B,-1.2252923118422427
Endogenous,RPS6KB1,0.2828190578482456
Endogenous,CD38,-1.170800688899176
Endogenous,DTX3L,-0.7598799861142079
Endogenous,TMEM173,-1.0450167489658426
Endogenous,NEIL1,-1.523916295992698
Endogenous,HELLS,-1.7309574853647307
Endogenous,TGFBR1,-0.8179839763633888
Endogenous,MB21D1,-1.1067763163071735
Endogenous,CCR2,-1.1580420099263904
Endogenous,MSH2,-0.9108951710247123
Endogenous,RAD51,-1.7851021152104765
Endogenous,TNFRSF18,-0.5815478363083918
Endogenous,FCGR3A/B,0.0787977054890677
Endogenous,STAT1,-1.7161364215344082
Endogenous,CTSS,-1.0097434047240263
Endogenous,PDK1,-1.020580877422452
Endogenous,ITGAV,-0.20225850264880216
Endogenous,ANGPT1,0.7369655941662062
Endogenous,BCL6B,-0.8990710911492191
Endogenous,CDH2,-0.054935675484885337
Endogenous,CSF3R,-1.0642401859019623
Endogenous,RELB,-1.206558940464435
Endogenous,CXCL16,-1.099447107600987
Endogenous,IL6R,-1.3717010911368368
Endogenous,PDGFA,-0.777607578663552
Endogenous,PIK3R1,-0.6177185939875466
Endogenous,HK1,-2.144933273689998
Endogenous,AXL,-0.6847111024756731
Endogenous,HK2,-0.867051646353658
Endogenous,PDGFRB,-1.2221707921723453
Endogenous,FADD,0.8468169257348062
Endogenous,CD74,-0.8611981204001159
Endogenous,RIPK2,-0.10185325644431376
Endogenous,CD45RB,-0.37319256712496846
Endogenous,BAD,-2.0818703294409864
Endogenous,PKM,-1.0906235586156807
Endogenous,KLRB1,-1.0497530351970996
Endogenous,ADORA2A,-1.209056784774969
Endogenous,IFIT1,-1.1522641910913853
Endogenous,UBE2T,-1.155794672607424
Endogenous,RPL23,-0.681070183209481
Endogenous,ARG2,-0.14919355985822588
Endogenous,TGFBR2,-0.03542584162878501
Endogenous,CRABP2,-0.418847660333772
Endogenous,BLK,-0.05958879628979976
Endogenous,CCL14,0.16898113811725632
Endogenous,CCNB1,-1.3832191744700093
Endogenous,STAT2,-1.2524751457891663
Endogenous,IKBKB,-0.7734784494191969
Endogenous,ZEB2,-0.43157717542877505
Endogenous,LRRC32,-0.02434381897974732
Endogenous,IL22RA1,0.13450993581167914
Endogenous,ELOB,-0.5295493804025496
Endogenous,ITGA1,-0.5429177985237199
Endogenous,IL24,0.2630344058337938
Endogenous,PVRIG,-1.7471794070282056
Endogenous,RB1,-0.8650882672092123
Endogenous,SRP54,-0.7780989598130196
Endogenous,ICAM3,-1.1132326156650914
Endogenous,CCR5,-1.3094121434955355
Endogenous,CTLA4,-1.5431423250265293
Endogenous,GLS,-1.9818526532897405
Endogenous,ITGAE,-0.5676152571572595
Endogenous,MET,-0.14386992553394698
Endogenous,WNT3A,0.5351589448005424
Endogenous,TYMP,-1.4419709829524678
Endogenous,IFI16,-0.24392558288608923
Endogenous,PVR,-1.4357110675435936
Endogenous,P4HA2,0.4027107496034083
Endogenous,BRIP1,0.1356550993575664
Endogenous,ESR1,-1.3914749730959082
Endogenous,DAB2,-0.8077145618552759
Endogenous,DUSP1,0.6017273832005616
Endogenous,CD8B,-0.9517717195038005
Endogenous,ACVR1C,0.22004848086814854
Endogenous,IL15,-0.5680886821567601
Endogenous,KIR3DL1,-0.11103131238874402
Endogenous,CDH1,-1.2647788982360602
Endogenous,HES1,-2.0780655241670316
Endogenous,IHH,-0.026717338375779574
Endogenous,CCL19,-1.1451979155399357
Endogenous,C2,-0.7133787738485902
Endogenous,TLR7,0.18470604514883435
Endogenous,IL2RA,-0.14585086646345477
Endogenous,PRKAA2,-1.003245659503654
Endogenous,COL11A2,0.09310940439148145
Endogenous,TNFRSF10D,-0.3235391447933478
Endogenous,SIGLEC8,0.2703577466396527
Endogenous,PC,-0.42678083234698194
Endogenous,IL17A,0.15527822547791081
Endogenous,GLI1,-0.2720795454368008
Endogenous,GNG4,1.0599425404562823
Endogenous,LDHB,-0.8401448571752737
Endogenous,DTX4,0.032666188920322053
Endogenous,CD3G,-0.14373547746144952
Endogenous,S100A8,-0.930459066746923
Endogenous,ZC3H12A,-1.422305499742883
Endogenous,IER3,-1.6303679352287335
Endogenous,CD4,-1.408197753798381
Endogenous,S100A12,0.4658866407745966
Endogenous,CD6,-0.6204113367254458
Endogenous,CD163,0.2274527388390651
Endogenous,DUSP2,-0.6750378450230042
Endogenous,HERC6,-0.9577525911822005
Endogenous,MRC1,-0.7618006136210329
Endogenous,DLL4,-1.1556192209589289
Endogenous,SAMSN1,-0.6038085616171576
Endogenous,CD28,-0.22521294039882678
Endogenous,TAP2,-1.7793118848758012
Endogenous,ICOS,-0.8527237375028879
Endogenous,TNFSF12,-1.5806546592376927
Endogenous,IFITM2,-0.9084035703011967
Endogenous,DNMT1,-1.4510771562955773
Endogenous,TNFSF8,0.2642125970310752
Endogenous,TGFB2,-0.4399571334009258
Endogenous,TMEM140,-1.162056758108973
Endogenous,COL11A1,2.4897604158713533
Endogenous,GIMAP6,-0.5434432312828892
Endogenous,IRF4,-1.1501617466208824
Endogenous,BNIP3,-0.5089749262553611
Endogenous,FPR3,-0.6449734412836949
Endogenous,HLA-C,-2.401308012989913
Endogenous,VEGFC,-0.8611722953026832
Endogenous,SIGLEC1,-1.3905030921591452
Endogenous,BID,-1.0462354661826208
Endogenous,MAPK10,-0.6583835701905254
Endogenous,FCN1,-0.19539568895843065
Endogenous,H2AFX,-1.1749034955551287
Endogenous,CBLC,-0.6078369669737429
Endogenous,CASP3,-1.224123309415564
Endogenous,PIAS4,-1.810966175609983
Endogenous,HLA-DRA,-0.6475421722383012
Endogenous,ULBP2,-0.5215371205795225
Endogenous,CASP1,-1.1503048059730245
Endogenous,MS4A2,-0.6516964896883404
Endogenous,HSD11B1,-0.3245252063734016
Endogenous,GAS1,-0.38278330027421703
Endogenous,FUT4,-1.0324214776923775
Endogenous,CSF1,-1.8485095002860095
Endogenous,FAM30A,-0.9338576432087878
Endogenous,ITPK1,0.43582597194998873
Endogenous,BCAT1,0.3419195700748285
Endogenous,CD80,0.056583528366367514
Endogenous,C1QB,-0.38631200942761634
Endogenous,RELN,0.5311243490936063
Endogenous,ICAM5,0
Endogenous,MAML2,0.40141788998971595
Endogenous,OLR1,1.1942277461677862
Endogenous,NFKBIE,-0.9792414398332026
Endogenous,WNT11,-0.4257639058719022
Endogenous,LILRA3,0.13972476366661318
Endogenous,TNFSF13B,-0.6478798756376711
Endogenous,TDO2,-0.7265166449351755
Endogenous,MAP3K5,-0.8114710305298359
Endogenous,HLA-F,-1.7277609941794014
Endogenous,CD3E,-0.8597761202443783
Endogenous,RRM2,-1.816945726614053
Endogenous,C7,-0.27684020535882436
Endogenous,TNFRSF14,-2.222110065911163
Endogenous,FCGRT,-1.6083802053977392
Endogenous,WNT2,-0.14086253583984967
Endogenous,MICB,-0.9036810391326283
Endogenous,HMGA1,-1.5077946401986961
Endogenous,IL21R,-0.6458914993634878
Endogenous,CD300A,-0.7615750615102076
Endogenous,TWIST1,-0.14549398457149532
Endogenous,IL1RN,-0.4150374992788438
Endogenous,CXCL1,-0.03016197051025247
Endogenous,SFXN1,-0.5906436523933252
Endogenous,GNLY,-1.9421456145343743
Endogenous,NID2,-0.09769266291916556
Endogenous,NECTIN1,-0.9634219478825532
Endogenous,SERPINA1,-0.45617619407233034
Endogenous,PDGFB,-1.1694602905215963
Endogenous,HLA-B,-2.094260503831007
Endogenous,VCAM1,-0.018452763025071442
Endogenous,HLA-DPB1,-0.5708458090408683
Endogenous,HLA-DOA,-0.25202608165720614
Endogenous,GBP2,-1.304584510009841
Endogenous,ATM,-1.032414605245184
Endogenous,PSMB8,-1.7436161593094384
Endogenous,MLH1,-1.2359992198005596
Endogenous,PLA1A,0.08293634098207221
Endogenous,NT5E,-0.8245032038880138
Endogenous,PALMD,0.5036436126714992
Endogenous,UBA7,-1.4950828689667004
Endogenous,PIK3CD,-1.2150128909708504
Endogenous,NOD2,-0.915002346992163
Endogenous,CEACAM3,-0.020464102559715577
Endogenous,RIPK3,-0.10457126344821267
Endogenous,IL1R2,0.6368636026331861
Endogenous,JAK1,-1.4283655647036868
Endogenous,ENO1,-2.040579479584804
Endogenous,LILRA1,-0.015596855051018666
Endogenous,BBS1,-1.0440667814549627
Endogenous,MYD88,-1.802060622388091
Endogenous,CXCR3,-0.29304697490023346
Endogenous,CD1C,-0.46036148978833397
Endogenous,TLR9,-0.07895134139482188
Endogenous,CCL7,-0.4489848312021815
Endogenous,CPA3,-0.1181105056073671
Endogenous,SH2D1A,-0.39759236481943444
Endogenous,CCR4,-0.6587065802457066
Endogenous,HDAC4,-0.7267833195858695
Endogenous,POLD1,-1.0897659613171111
Endogenous,PTPN11,-0.934957655508685
Endogenous,JAK2,-1.7281544240813844
Endogenous,WNT10A,-0.7317478848951869
Endogenous,ITGB2,-0.32040777914828555
Endogenous,TYMS,-2.0550875601042087
Endogenous,KAT2B,-0.6801795680746286
Endogenous,ITGA6,-0.2886356874728585
Endogenous,TBX21,-0.11381989955716193
Endogenous,BRCA1,-0.892243819644117
Endogenous,COL17A1,-0.41668535216032604
Endogenous,BIRC3,-0.5429549741995806
Endogenous,KRAS,-1.3222639568469492
Endogenous,IL11RA,-0.1885289694701639
Endogenous,SIRPA,-0.3722485158247855
Endogenous,CEBPB,-1.244722527556852
Endogenous,VTCN1,-0.6050892005730732
Endogenous,SGK1,-1.2298909875833177
Endogenous,NLRC5,-0.6674246609131291
Endogenous,CCL8,-0.36340473086352143
Endogenous,TRAF1,-0.27606108613003333
Endogenous,ADAM12,0.40246217415064345
Endogenous,MMRN2,-0.28319946786089906
Endogenous,PTGS2,0.5343364276511882
Endogenous,SMAD5,-0.46230857385740803
Endogenous,LCK,-0.7789378646415219
Endogenous,ITGB3,0.22977195170204523
Endogenous,FCGR2B,-0.1918752984447793
Endogenous,NRAS,-1.1408411655876491
Endogenous,IL34,-0.09638453642434239
Endogenous,LAMA1,0.3119440063147403
Endogenous,CLEC4E,-0.050273206481223714
Endogenous,IL18R1,0.05324202127697953
Endogenous,MFNG,-1.2987915960894274
Endogenous,TTC30A,-0.5333257830978518
Endogenous,TNFRSF10C,-1.354905417333635
Positive,POS_C(8),0.49050825640773865
Positive,POS_A(128),0.45470933600288455
Positive,POS_F(0.125),0.40149096744089596
Positive,POS_D(2),0.5792553074709336
Positive,POS_B(32),0.4624330852930119
Positive,POS_E(0.5),0.3841286447438058
Negative,NEG_C(0),0.3970709527493949
Negative,NEG_D(0),-0.035189428462300144
Negative,NEG_E(0),-0.02075856016679749
Negative,NEG_A(0),0.6400038642791182
Negative,NEG_H(0),-0.0995356735509144
Negative,NEG_G(0),0.3701116283973276
Negative,NEG_F(0),0.10549312884731378
Negative,NEG_B(0),0.506959988719883
Housekeeping,UBB,-0.9905221836614853
Housekeeping,PUM1,-1.2086294031900517
Housekeeping,TLK2,-0.0739593374282538
Housekeeping,DNAJC14,-1.7277026728372384
Housekeeping,SF3A1,-1.1759168331025849
Housekeeping,POLR2A,-1.4230726867010786
Housekeeping,SDHA,-1.3163341707134502
Housekeeping,STK11IP,-1.507987183523611
Housekeeping,NRDE2,-0.5095207682069555
Housekeeping,TBP,-0.7220697341126349
Housekeeping,OAZ1,-1.1496382959863505
Housekeeping,TBC1D10B,-1.3692792124144093
Housekeeping,GUSB,-1.7325114534225947
Housekeeping,PSMC4,-1.6882290201955283
Housekeeping,TFRC,-1.4739616406767873
Housekeeping,ABCF1,-1.3775970055571083
Housekeeping,TMUB2,-1.2254846675173954
Housekeeping,MRPL19,-0.9535216809423215
Housekeeping,G6PD,-0.20493145127022547
Housekeeping,ERCC3,-0.6901864814574536
